id,name,category,protocol,evidence,keycalendar_status,checked_at,source,passport
INT-101HOTELS,101Hotels,channel,API (RC); KeyCalendar access pending,DOC,external_access_pending,2026-09-24,https://confluence.lan.realtycalendar.ru/kb/sinhronizatsiya-s-101hotels-com-30957284.html,passports/INT-101HOTELS.md
INT-APARTSHARING,Apart Sharing,channel,API (RC); KeyCalendar access pending,DOC,external_access_pending,2026-09-24,https://confluence.lan.realtycalendar.ru/kb/sinhronizatsiya-s-apartshering-com-30957261.html,passports/INT-APARTSHARING.md
INT-AVITO,Авито,channel,API (RC); KeyCalendar access pending,DOC,external_access_pending,2026-09-24,https://confluence.lan.realtycalendar.ru/kb/sinhronizatsiya-s-avito-30958424.html,passports/INT-AVITO.md
INT-BOOKING,Booking.com,channel,API (RC); KeyCalendar access pending,DOC,external_access_pending,2026-09-24,https://confluence.lan.realtycalendar.ru/kb/sinhronizatsiya-s-booking-com-30957290.html,passports/INT-BOOKING.md
INT-BRONEVIK,Броневик,channel,API (RC); KeyCalendar access pending,DOC,external_access_pending,2026-09-24,https://confluence.lan.realtycalendar.ru/kb/sinhronizatsiya-s-bronevik-com-30957321.html,passports/INT-BRONEVIK.md
INT-CIAN,Циан,channel,API (RC); KeyCalendar access pending,DOC,external_access_pending,2026-09-24,https://confluence.lan.realtycalendar.ru/kb/sinhronizatsiya-s-cian-ru-30958419.html,passports/INT-CIAN.md
INT-EDEMVGOSTI,Едем-в-Гости.ру,channel,API (RC); KeyCalendar access pending,DOC,external_access_pending,2026-09-24,https://confluence.lan.realtycalendar.ru/kb/sinhronizatsiya-s-edem-v-gosti-ru-30958347.html,passports/INT-EDEMVGOSTI.md
INT-OSTROVOK,Островок,channel,API (RC); KeyCalendar access pending,DOC,external_access_pending,2026-09-24,https://confluence.lan.realtycalendar.ru/kb/sinhronizatsiya-s-ostrovok-30958338.html,passports/INT-OSTROVOK.md
INT-EMERGINGTRAVEL,Emerging Travel,channel,API (RC); KeyCalendar access pending,DOC,external_access_pending,2026-09-24,https://confluence.lan.realtycalendar.ru/kb/sinhronizatsiya-s-emerging-travel-61374539.html,passports/INT-EMERGINGTRAVEL.md
INT-EXPEDIA,Expedia,channel,API (RC); KeyCalendar access pending,DOC,external_access_pending,2026-09-24,https://confluence.lan.realtycalendar.ru/kb/sinhronizatsiya-s-expedia-com-30957316.html,passports/INT-EXPEDIA.md
INT-FORENTO,Forento.ru / Vkrim.info,channel,API (RC); KeyCalendar access pending,DOC,external_access_pending,2026-09-24,https://confluence.lan.realtycalendar.ru/kb/sinhronizatsiya-s-forento-ru-vkrim-info-30957216.html,passports/INT-FORENTO.md
INT-HOTELBOOK,Hotelbook,channel,API (RC); KeyCalendar access pending,DOC,external_access_pending,2026-09-24,https://confluence.lan.realtycalendar.ru/kb/sinhronizatsiya-s-hotelbook-30957209.html,passports/INT-HOTELBOOK.md
INT-KUFAR,Kufar.by,channel,API (RC); KeyCalendar access pending,DOC,external_access_pending,2026-09-24,https://confluence.lan.realtycalendar.ru/kb/sinhronizatsiya-s-kufar-by-30957294.html,passports/INT-KUFAR.md
INT-KVARTIRKA,Квартирка,channel,API (RC); KeyCalendar access pending,DOC,external_access_pending,2026-09-24,https://confluence.lan.realtycalendar.ru/kb/sinhronizatsiya-s-kvartirka-30958373.html,passports/INT-KVARTIRKA.md
INT-ONETWOTRIP,OneTwoTrip,channel,API (RC); KeyCalendar access pending,DOC,external_access_pending,2026-09-24,https://confluence.lan.realtycalendar.ru/kb/sinhronizatsiya-s-onetwotrip-com-30958353.html,passports/INT-ONETWOTRIP.md
INT-OTELLO,Отелло,channel,API (RC); KeyCalendar access pending,DOC,external_access_pending,2026-09-24,https://confluence.lan.realtycalendar.ru/kb/sinhronizatsiya-s-otello-30957267.html,passports/INT-OTELLO.md
INT-OZONTRAVEL,Ozon Travel,channel,API (RC); KeyCalendar access pending,DOC,external_access_pending,2026-09-24,https://confluence.lan.realtycalendar.ru/kb/sinhronizatsiya-s-ozon-travel-48432657.html,passports/INT-OZONTRAVEL.md
INT-ROOMOOK,Roomook,channel,API (RC); KeyCalendar access pending,DOC,external_access_pending,2026-09-24,https://confluence.lan.realtycalendar.ru/kb/sinhronizatsiya-s-roomook-30957205.html,passports/INT-ROOMOOK.md
INT-SUTOCHNO,Суточно.ру,channel,API (RC); KeyCalendar access pending,DOC,external_access_pending,2026-09-24,https://confluence.lan.realtycalendar.ru/kb/sinhronizatsiya-s-sutochno-30958435.html,passports/INT-SUTOCHNO.md
INT-TUTU,Туту,channel,API (RC); KeyCalendar access pending,DOC,external_access_pending,2026-09-24,https://confluence.lan.realtycalendar.ru/kb/sinhronizatsiya-s-tutu-ru-30957166.html,passports/INT-TUTU.md
INT-ROOMLINK,Roomlink (ранее Забронируй.ру),channel,API (RC); KeyCalendar access pending,DOC,external_access_pending,2026-09-24,https://confluence.lan.realtycalendar.ru/kb/sinhronizatsiya-s-roomlink-ranee-zabroniruj-ru-30957300.html,passports/INT-ROOMLINK.md
INT-VEZDEKAKDOMA,Везде как дома,channel,API (RC); KeyCalendar access pending,DOC,external_access_pending,2026-09-24,https://confluence.lan.realtycalendar.ru/kb/sinhronizatsiya-s-vezde-kak-doma-30957279.html,passports/INT-VEZDEKAKDOMA.md
INT-GDEKVARTIRA,ГдеКвартира.су,channel,API (RC); KeyCalendar access pending,DOC,external_access_pending,2026-09-24,https://confluence.lan.realtycalendar.ru/kb/sinhronizatsiya-s-gdekvartira-su-30957256.html,passports/INT-GDEKVARTIRA.md
INT-DOMKLIK24,Домклик24,channel,API (RC); KeyCalendar access pending,DOC,external_access_pending,2026-09-24,https://confluence.lan.realtycalendar.ru/kb/sinhronizatsiya-s-domklik24-30957191.html,passports/INT-DOMKLIK24.md
INT-ZHILIBYLI,ЖилиБыли,channel,API (RC); KeyCalendar access pending,DOC,external_access_pending,2026-09-24,https://confluence.lan.realtycalendar.ru/kb/sinhronizatsiya-s-zhilibyli-30957272.html,passports/INT-ZHILIBYLI.md
INT-PRIVETTUR,ПриветТур!,channel,API (RC); KeyCalendar access pending,DOC,external_access_pending,2026-09-24,https://confluence.lan.realtycalendar.ru/kb/sinhronizatsiya-s-privettur-30957198.html,passports/INT-PRIVETTUR.md
INT-CBOOKING,Cbooking.ru,channel,API (RC); KeyCalendar access pending,DOC,external_access_pending,2026-09-24,https://confluence.lan.realtycalendar.ru/kb/sinhronizatsiya-s-sbooking-30958388.html,passports/INT-CBOOKING.md
INT-TVIL,ТВИЛ,channel,API (RC); KeyCalendar access pending,DOC,external_access_pending,2026-09-24,https://confluence.lan.realtycalendar.ru/kb/sinhronizatsiya-s-tvil-ru-30958440.html,passports/INT-TVIL.md
INT-YANDEXTRAVEL,Яндекс Путешествия,channel,API (RC); KeyCalendar access pending,DOC,external_access_pending,2026-09-24,https://confluence.lan.realtycalendar.ru/kb/sinhronizatsiya-s-yandeks-puteshestviya-39911704.html,passports/INT-YANDEXTRAVEL.md
INT-TRIPVENUE,Трипвеню,channel,API (RC); KeyCalendar access pending,DOC,external_access_pending,2026-09-24,https://confluence.lan.realtycalendar.ru/kb/sinhronizatsiya-s-tripvenyu-30957185.html,passports/INT-TRIPVENUE.md
INT-KURORTIX,Миртурбаз / Kurortix,channel,API (RC); KeyCalendar access pending,DOC,external_access_pending,2026-09-24,https://confluence.lan.realtycalendar.ru/kb/sinhronizatsiya-s-mirturbaz-kurortix-43155582.html,passports/INT-KURORTIX.md
INT-ALEAN,Алеан,channel,partner sync; wire protocol unknown,DOC,external_access_pending,2026-09-24,https://confluence.lan.realtycalendar.ru/kb/sinhronizatsiya-s-alean-43155552.html,passports/INT-ALEAN.md
INT-LIGAKVARTIR,Лига Квартир,channel,iCal,DOC,external_access_pending,2026-09-24,https://confluence.lan.realtycalendar.ru/kb/sinhronizatsiya-s-liga-kvartir-30958466.html,passports/INT-LIGAKVARTIR.md
INT-AIRBNB,Airbnb,channel,iCal,DOC,external_access_pending,2026-09-24,https://confluence.lan.realtycalendar.ru/kb/sinhronizatsiya-s-airbnb-30958460.html,passports/INT-AIRBNB.md
INT-REALT,Realt,channel,iCal,DOC,external_access_pending,2026-09-24,https://confluence.lan.realtycalendar.ru/kb/sinhronizatsiya-s-realt-48432785.html,passports/INT-REALT.md
INT-GOOGLECALENDAR,Google Calendar,calendar,iCal export,DOC,external_access_pending,2026-09-24,https://confluence.lan.realtycalendar.ru/kb/sinhronizatsiya-s-google-calendar-30958455.html,passports/INT-GOOGLECALENDAR.md
INT-MONETA-PERSONAL,Монета для физических лиц,payment,partner payment integration; wire protocol unknown,DOC,external_access_pending,2026-09-24,https://confluence.lan.realtycalendar.ru/kb/podklyuchenie-moneta-dlya-fizicheskih-lits-30958553.html,passports/INT-MONETA-PERSONAL.md
INT-MONETA-BUSINESS,Монета для ИП и юридических лиц,payment,partner payment/fiscal integration; wire protocol unknown,DOC,external_access_pending,2026-09-24,https://confluence.lan.realtycalendar.ru/kb/podklyuchenie-monety-dlya-yurlits-i-ip-48432578.html,passports/INT-MONETA-BUSINESS.md
INT-AMOCRM,amoCRM,crm,marketplace widget; own API access pending,DOC,external_access_pending,2026-09-24,https://confluence.lan.realtycalendar.ru/kb/opisanie-raboty-vidyoeta-realtycalendar-dlya-amocrm-30958606.html,passports/INT-AMOCRM.md
INT-BITRIX24,Битрикс24,crm,marketplace widget; own API access pending,DOC,external_access_pending,2026-09-24,https://confluence.lan.realtycalendar.ru/kb/kak-rabotaet-vidyoet-realtycalendar-dlya-bitrix24-30958598.html,passports/INT-BITRIX24.md
INT-OKIDOKI,ОкиДоки,contracts,API token,DOC,external_access_pending,2026-09-24,https://confluence.lan.realtycalendar.ru/kb/integratsiya-s-okidoki-30958569.html,passports/INT-OKIDOKI.md
INT-TTLOCK,TTLock,access,provider integration; wire contract requires access,DOC,external_access_pending,2026-09-24,https://confluence.lan.realtycalendar.ru/kb/integratsiya-s-ttlock-60162112.html,passports/INT-TTLOCK.md
INT-ROOMSHARING,Roomsharing Norke,access,outgoing webhook,DOC,external_access_pending,2026-09-24,https://confluence.lan.realtycalendar.ru/kb/integratsiya-s-servisom-roomsharing-norke-30958576.html,passports/INT-ROOMSHARING.md
INT-WEBHOOKS,Исходящие webhook,developer,HTTP webhook,DOC,external_access_pending,2026-09-24,https://confluence.lan.realtycalendar.ru/kb/opisanie-webhook-30958558.html,passports/INT-WEBHOOKS.md
INT-WHATSAPP,WhatsApp в автосообщениях,messaging,RC session connection; official Business API for KeyCalendar unconfirmed,DOC,external_access_pending,2026-09-24,https://confluence.lan.realtycalendar.ru/kb/nastrojka-avtosoobshchenij-47087789.html,passports/INT-WHATSAPP.md
INT-MAX,MAX в автосообщениях,messaging,RC account connection; KeyCalendar transport unknown,DOC,external_access_pending,2026-09-24,https://confluence.lan.realtycalendar.ru/kb/nastrojka-avtosoobshchenij-47087789.html,passports/INT-MAX.md
INT-TELEGRAM,Telegram в автосообщениях,messaging,RC messaging; KeyCalendar Bot API proposed,DOC,external_access_pending,2026-09-24,https://confluence.lan.realtycalendar.ru/kb/nastrojka-avtosoobshchenij-47087789.html,passports/INT-TELEGRAM.md
INT-EMAIL,Email в автосообщениях,messaging,Email; provider unknown,DOC,external_access_pending,2026-09-24,https://confluence.lan.realtycalendar.ru/kb/nastrojka-avtosoobshchenij-47087789.html,passports/INT-EMAIL.md
INT-SMSGATE,SMS Gate / Android SMS,messaging,Android SMS gateway,DOC,external_access_pending,2026-09-24,https://confluence.lan.realtycalendar.ru/kb/nastrojka-otpravki-sms-v-avtosoobshcheniyah-s-android-telefona-61374606.html,passports/INT-SMSGATE.md
INT-REDATA,REDATA,pricing,partner API; KeyCalendar access pending,DOC + ACCOUNT available card (ACC-INT-01),external_access_pending,2026-09-24,https://redata.tech/integrations,passports/INT-REDATA.md
INT-YOOKASSA,ЮKassa,payment,REST API (provider); RC current connector unconfirmed,DOC marketing; current RC availability unknown,external_access_pending,2026-09-24,https://new.realtycalendar.ru/blog/kak-rabotaet-realtycalendar-7-instrumentov-sdachi-v-arendu,passports/INT-YOOKASSA.md
INT-KVARTIRKA-ICAL,Квартирка / kv.link (iCal),channel,iCal,ACCOUNT (ACC-CHAN-02) + DOC generic iCal,external_access_pending,2026-09-24,https://confluence.lan.realtycalendar.ru/kb/sinhronizatsiya-icalendar-30958453.html,passports/INT-KVARTIRKA-ICAL.md
INT-QQRENTA,api.qqrenta.ru,channel,unknown; observed channel label,ACCOUNT label only; provider protocol unknown,discovery_pending,2026-09-24,https://confluence.lan.realtycalendar.ru/kb/sinhronizatsiya-icalendar-30958453.html,passports/INT-QQRENTA.md
INT-ICAL,Универсальный iCalendar,calendar,iCal,DOC,external_access_pending,2026-09-24,https://confluence.lan.realtycalendar.ru/kb/sinhronizatsiya-icalendar-30958453.html,passports/INT-ICAL.md
INT-GAMI,Гами (заявление внешнего поставщика),developer,webhook + partner-link read + iCal return,DOC provider claim; RC official listing unconfirmed,external_access_pending,2026-09-24,https://gami.rent/realty-calendar,passports/INT-GAMI.md
INT-RENTYSOFT,RentySoft,access,unknown (historical mention only),HISTORICAL,discovery_pending,2026-09-24,https://new.realtycalendar.ru/blog/sistema-bronirovaniya-v-posutochnoj-arende,passports/INT-RENTYSOFT.md
INT-FLATSHARING,Flatsharing,access,unknown (historical mention only),HISTORICAL,discovery_pending,2026-09-24,https://new.realtycalendar.ru/release-system-rc,passports/INT-FLATSHARING.md
INT-KUKURENTA,Кукурента,channel,unknown (historical mention only),HISTORICAL,discovery_pending,2026-09-24,https://new.realtycalendar.ru/release-system-rc,passports/INT-KUKURENTA.md
INT-NOCHLEG24,Nochleg24,channel,unknown (historical mention only),HISTORICAL,discovery_pending,2026-09-24,https://new.realtycalendar.ru/release-system-rc,passports/INT-NOCHLEG24.md
INT-LOKAL,Локал,channel,unknown (historical mention only),HISTORICAL,discovery_pending,2026-09-24,https://new.realtycalendar.ru/release-system-rc,passports/INT-LOKAL.md
INT-KOMTET,Комтет,fiscal_via_moneta,via Moneta/PayAnyWay; native wire protocol unconfirmed,DOC RC fiscal subprovider list; not native direct API evidence,external_access_pending,2026-09-24,https://confluence.lan.realtycalendar.ru/kb/podklyuchenie-monety-dlya-yurlits-i-ip-48432578.html,passports/INT-KOMTET.md
INT-BUSINESSRU,Бизнес.ру Онлайн-Чеки,fiscal_via_moneta,via Moneta/PayAnyWay; native wire protocol unconfirmed,DOC RC fiscal subprovider list; not native direct API evidence,external_access_pending,2026-09-24,https://confluence.lan.realtycalendar.ru/kb/podklyuchenie-monety-dlya-yurlits-i-ip-48432578.html,passports/INT-BUSINESSRU.md
INT-CLOUDKASSIR,CloudKassir,fiscal_via_moneta,via Moneta/PayAnyWay; native wire protocol unconfirmed,DOC RC fiscal subprovider list; not native direct API evidence,external_access_pending,2026-09-24,https://confluence.lan.realtycalendar.ru/kb/podklyuchenie-monety-dlya-yurlits-i-ip-48432578.html,passports/INT-CLOUDKASSIR.md
INT-LIFEPAY,Life Pay,fiscal_via_moneta,via Moneta/PayAnyWay; native wire protocol unconfirmed,DOC RC fiscal subprovider list; not native direct API evidence,external_access_pending,2026-09-24,https://confluence.lan.realtycalendar.ru/kb/podklyuchenie-monety-dlya-yurlits-i-ip-48432578.html,passports/INT-LIFEPAY.md
INT-ATOL,Атол,fiscal_via_moneta,via Moneta/PayAnyWay; native wire protocol unconfirmed,DOC RC fiscal subprovider list; not native direct API evidence,external_access_pending,2026-09-24,https://confluence.lan.realtycalendar.ru/kb/podklyuchenie-monety-dlya-yurlits-i-ip-48432578.html,passports/INT-ATOL.md
INT-EVOTOR,Эвотор,fiscal_via_moneta,via Moneta/PayAnyWay; native wire protocol unconfirmed,DOC RC fiscal subprovider list; not native direct API evidence,external_access_pending,2026-09-24,https://confluence.lan.realtycalendar.ru/kb/podklyuchenie-monety-dlya-yurlits-i-ip-48432578.html,passports/INT-EVOTOR.md
INT-FERMA,Ferma,fiscal_via_moneta,via Moneta/PayAnyWay; native wire protocol unconfirmed,DOC RC fiscal subprovider list; not native direct API evidence,external_access_pending,2026-09-24,https://confluence.lan.realtycalendar.ru/kb/podklyuchenie-monety-dlya-yurlits-i-ip-48432578.html,passports/INT-FERMA.md
INT-FIRSTOFD,Первый ОФД,fiscal_via_moneta,via Moneta/PayAnyWay; native wire protocol unconfirmed,DOC RC fiscal subprovider list; not native direct API evidence,external_access_pending,2026-09-24,https://confluence.lan.realtycalendar.ru/kb/podklyuchenie-monety-dlya-yurlits-i-ip-48432578.html,passports/INT-FIRSTOFD.md
INT-KITONLINE,Kit online,fiscal_via_moneta,via Moneta/PayAnyWay; native wire protocol unconfirmed,DOC RC fiscal subprovider list; not native direct API evidence,external_access_pending,2026-09-24,https://confluence.lan.realtycalendar.ru/kb/podklyuchenie-monety-dlya-yurlits-i-ip-48432578.html,passports/INT-KITONLINE.md
INT-ORANGEDATA,Orange Data,fiscal_via_moneta,via Moneta/PayAnyWay; native wire protocol unconfirmed,DOC RC fiscal subprovider list; not native direct API evidence,external_access_pending,2026-09-24,https://confluence.lan.realtycalendar.ru/kb/podklyuchenie-monety-dlya-yurlits-i-ip-48432578.html,passports/INT-ORANGEDATA.md
INT-SBIS,СБИС,fiscal_via_moneta,via Moneta/PayAnyWay; native wire protocol unconfirmed,DOC RC fiscal subprovider list; not native direct API evidence,external_access_pending,2026-09-24,https://confluence.lan.realtycalendar.ru/kb/podklyuchenie-monety-dlya-yurlits-i-ip-48432578.html,passports/INT-SBIS.md
INT-DIGITALKASSA,Digital Kassa,fiscal_via_moneta,via Moneta/PayAnyWay; native wire protocol unconfirmed,DOC RC fiscal subprovider list; not native direct API evidence,external_access_pending,2026-09-24,https://confluence.lan.realtycalendar.ru/kb/podklyuchenie-monety-dlya-yurlits-i-ip-48432578.html,passports/INT-DIGITALKASSA.md
INT-MODULKASSA,МодульКасса,fiscal_via_moneta,via Moneta/PayAnyWay; native wire protocol unconfirmed,DOC RC fiscal subprovider list; not native direct API evidence,external_access_pending,2026-09-24,https://confluence.lan.realtycalendar.ru/kb/podklyuchenie-monety-dlya-yurlits-i-ip-48432578.html,passports/INT-MODULKASSA.md
INT-PLATFORMAOFD,Платформа ОФД,fiscal_via_moneta,via Moneta/PayAnyWay; native wire protocol unconfirmed,DOC RC fiscal subprovider list; not native direct API evidence,external_access_pending,2026-09-24,https://confluence.lan.realtycalendar.ru/kb/podklyuchenie-monety-dlya-yurlits-i-ip-48432578.html,passports/INT-PLATFORMAOFD.md
INT-TAXCOMOFD,Такском ОФД,fiscal_via_moneta,via Moneta/PayAnyWay; native wire protocol unconfirmed,DOC RC fiscal subprovider list; not native direct API evidence,external_access_pending,2026-09-24,https://confluence.lan.realtycalendar.ru/kb/podklyuchenie-monety-dlya-yurlits-i-ip-48432578.html,passports/INT-TAXCOMOFD.md
