requirement_id,title,source_category,delivery_class,source_ids,source_urls,account_evidence_ids,verification_status,screen_id,screen_title,source_svg,preview_png,state_refs,responsive_refs,task_id,test_id,phase_registry,phase_backlog,task_dependencies,integration_links,adapter_task_ids,integration_ids,implementation_status,test_status,asset_link_status,variant_refs,variant_svg,variant_png
REQ-CAL-001,Единая шахматка занятости,account,mandatory_parity,DOC-001;ACC-002,https://new.realtycalendar.ru/products/booking;https://realtycalendar.ru/chessmate/,ACC-002,Проверено только указанное чтение аккаунта; изменяющие операции и целевая приемка не выполнялись,SCR-CAL-01,Шахматка,design/source/SCR-CAL-01.svg,design/exports/SCR-CAL-01.png,STATE-01;STATE-02;STATE-03;STATE-04;STATE-05;STATE-06,SCR-MOBILE-01;SCR-MOBILE-02;SCR-TABLET-01,TASK-CAL-001,TEST-CAL-001,P1,P1,TASK-RES-001;TASK-RTE-001,,,,not_started,not_run,present,VAR-RES-DRAWER;VAR-CAL-OFFLINE,design/source/VAR-RES-DRAWER.svg;design/source/VAR-CAL-OFFLINE.svg,design/exports/VAR-RES-DRAWER.png;design/exports/VAR-CAL-OFFLINE.png
REQ-CAL-002,Выбор периода и переход к дате,account,mandatory_parity,ACC-002,https://realtycalendar.ru/chessmate/,ACC-002,Проверено только указанное чтение аккаунта; изменяющие операции и целевая приемка не выполнялись,SCR-CAL-01,Шахматка,design/source/SCR-CAL-01.svg,design/exports/SCR-CAL-01.png,STATE-01;STATE-02;STATE-03;STATE-04;STATE-05;STATE-06,SCR-MOBILE-01;SCR-MOBILE-02;SCR-TABLET-01,TASK-CAL-002,TEST-CAL-002,P1,P1,TASK-RES-001;TASK-RTE-001;TASK-CAL-001,,,,not_started,not_run,present,VAR-RES-DRAWER;VAR-CAL-OFFLINE,design/source/VAR-RES-DRAWER.svg;design/source/VAR-CAL-OFFLINE.svg,design/exports/VAR-RES-DRAWER.png;design/exports/VAR-CAL-OFFLINE.png
REQ-CAL-003,Фильтры и поиск объектов,account,mandatory_parity,ACC-004,https://realtycalendar.ru/chessmate/,ACC-004,Проверено только указанное чтение аккаунта; изменяющие операции и целевая приемка не выполнялись,SCR-CAL-01,Шахматка,design/source/SCR-CAL-01.svg,design/exports/SCR-CAL-01.png,STATE-01;STATE-02;STATE-03;STATE-04;STATE-05;STATE-06,SCR-MOBILE-01;SCR-MOBILE-02;SCR-TABLET-01,TASK-CAL-003,TEST-CAL-003,P1,P1,TASK-RES-001;TASK-RTE-001;TASK-CAL-001,,,,not_started,not_run,present,VAR-RES-DRAWER;VAR-CAL-OFFLINE,design/source/VAR-RES-DRAWER.svg;design/source/VAR-CAL-OFFLINE.svg,design/exports/VAR-RES-DRAWER.png;design/exports/VAR-CAL-OFFLINE.png
REQ-CAL-004,Плотность календаря и обозначения источника,documented,mandatory_parity,DOC-004;DOC-013;ACC-002;ACC-003;ACC-007,https://confluence.lan.realtycalendar.ru/kb/istochniki-bronirovanij-30958511.html;https://confluence.lan.realtycalendar.ru/kb/otobrayoenie-zadolyoennosti-po-oplate-bronirovanij-30958541.html;https://realtycalendar.ru/chessmate/,ACC-002;ACC-003;ACC-007,Подтверждено публичным источником; операции в аккаунте не выполнялись,SCR-CAL-02,Вид календаря и фильтры,design/source/SCR-CAL-02.svg,design/exports/SCR-CAL-02.png,STATE-01;STATE-02;STATE-03;STATE-04;STATE-05;STATE-06,SCR-MOBILE-01;SCR-MOBILE-02;SCR-TABLET-01,TASK-CAL-004,TEST-CAL-004,P1,P1,TASK-RES-001;TASK-RTE-001;TASK-CAL-001,,,,not_started,not_run,present,,,
REQ-CAL-005,Создание через выделение диапазона,documented,mandatory_parity,DOC-003,https://confluence.lan.realtycalendar.ru/kb/sozdanie-sobytiya-zayavka-bron-otmena-ili-udaleno-30957142.html,,Подтверждено публичным источником; операции в аккаунте не выполнялись,SCR-CAL-01,Шахматка,design/source/SCR-CAL-01.svg,design/exports/SCR-CAL-01.png,STATE-01;STATE-02;STATE-03;STATE-04;STATE-05;STATE-06,SCR-MOBILE-01;SCR-MOBILE-02;SCR-TABLET-01,TASK-CAL-005,TEST-CAL-005,P1,P1,TASK-RES-001;TASK-RTE-001;TASK-CAL-001,,,,not_started,not_run,present,VAR-RES-DRAWER;VAR-CAL-OFFLINE,design/source/VAR-RES-DRAWER.svg;design/source/VAR-CAL-OFFLINE.svg,design/exports/VAR-RES-DRAWER.png;design/exports/VAR-CAL-OFFLINE.png
REQ-CAL-006,Блокировка продаж и буфер вокруг проживания,documented,mandatory_parity,DOC-008;DOC-003,https://confluence.lan.realtycalendar.ru/kb/spets-usloviya-osobennosti-nastrojka-i-redaktirovanie-v-desktopnoj-i-mobil-noj-versiyah-30955765.html;https://confluence.lan.realtycalendar.ru/kb/sozdanie-sobytiya-zayavka-bron-otmena-ili-udaleno-30957142.html,,Подтверждено публичным источником; операции в аккаунте не выполнялись,SCR-CAL-03,Блокировка дат,design/source/SCR-CAL-03.svg,design/exports/SCR-CAL-03.png,STATE-01;STATE-02;STATE-03;STATE-04;STATE-05;STATE-06,SCR-MOBILE-01;SCR-MOBILE-02;SCR-TABLET-01,TASK-CAL-006,TEST-CAL-006,P1,P1,TASK-RES-001;TASK-RTE-001;TASK-CAL-001,,,,not_started,not_run,present,,,
REQ-CAL-007,Обнаружение и разрешение пересечений,documented,mandatory_parity,DOC-003;DOC-006,https://confluence.lan.realtycalendar.ru/kb/sozdanie-sobytiya-zayavka-bron-otmena-ili-udaleno-30957142.html;https://confluence.lan.realtycalendar.ru/kb/nomernoj-fond-30955555.html,,Подтверждено публичным источником; операции в аккаунте не выполнялись,SCR-CAL-04,Конфликт занятости,design/source/SCR-CAL-04.svg,design/exports/SCR-CAL-04.png,STATE-01;STATE-02;STATE-03;STATE-04;STATE-05;STATE-06,SCR-MOBILE-01;SCR-MOBILE-02;SCR-TABLET-01,TASK-CAL-007,TEST-CAL-007,P1,P1,TASK-RES-001;TASK-RTE-001;TASK-CAL-001,,,,not_started,not_run,present,,,
REQ-CAL-008,Работа с крупным портфелем,proposed,mandatory_platform,,,,Предложено для Кей Календаря; наличие в RealtyCalendar не заявляется,SCR-CAL-01,Шахматка,design/source/SCR-CAL-01.svg,design/exports/SCR-CAL-01.png,STATE-01;STATE-02;STATE-03;STATE-04;STATE-05;STATE-06,SCR-MOBILE-01;SCR-MOBILE-02;SCR-TABLET-01,TASK-CAL-008,TEST-CAL-008,P2,P2,TASK-RES-001;TASK-RTE-001;TASK-CAL-001,,,,not_started,not_run,present,VAR-RES-DRAWER;VAR-CAL-OFFLINE,design/source/VAR-RES-DRAWER.svg;design/source/VAR-CAL-OFFLINE.svg,design/exports/VAR-RES-DRAWER.png;design/exports/VAR-CAL-OFFLINE.png
REQ-CAL-009,Просмотр календаря офлайн,documented,mandatory_parity,DOC-027,https://confluence.lan.realtycalendar.ru/kb/realtycalendar-zachem-on-vam-nuyoen-30954634.html,,Подтверждено публичным источником; операции в аккаунте не выполнялись,SCR-CAL-01,Шахматка,design/source/SCR-CAL-01.svg,design/exports/SCR-CAL-01.png,STATE-01;STATE-02;STATE-03;STATE-04;STATE-05;STATE-06,SCR-MOBILE-01;SCR-MOBILE-02;SCR-TABLET-01,TASK-CAL-009,TEST-CAL-009,P2,P2,TASK-RES-001;TASK-RTE-001;TASK-CAL-001,,,,not_started,not_run,present,VAR-RES-DRAWER;VAR-CAL-OFFLINE,design/source/VAR-RES-DRAWER.svg;design/source/VAR-CAL-OFFLINE.svg,design/exports/VAR-RES-DRAWER.png;design/exports/VAR-CAL-OFFLINE.png
REQ-RES-001,Ручная бронь и предварительная заявка,documented,mandatory_parity,DOC-003,https://confluence.lan.realtycalendar.ru/kb/sozdanie-sobytiya-zayavka-bron-otmena-ili-udaleno-30957142.html,,Подтверждено публичным источником; операции в аккаунте не выполнялись,SCR-RES-02,Новое бронирование,design/source/SCR-RES-02.svg,design/exports/SCR-RES-02.png,STATE-01;STATE-02;STATE-03;STATE-04;STATE-05;STATE-06,SCR-MOBILE-01;SCR-MOBILE-02;SCR-TABLET-01,TASK-RES-001,TEST-RES-001,P1,P1,TASK-OBJ-004;TASK-RTE-001;TASK-GST-001,,,,not_started,not_run,present,VAR-RES-VALIDATION,design/source/VAR-RES-VALIDATION.svg,design/exports/VAR-RES-VALIDATION.png
REQ-RES-002,"Карточка, изменение и перенос брони",documented,mandatory_parity,DOC-003,https://confluence.lan.realtycalendar.ru/kb/sozdanie-sobytiya-zayavka-bron-otmena-ili-udaleno-30957142.html,,Подтверждено публичным источником; операции в аккаунте не выполнялись,SCR-RES-03,Бронирование КК-1042,design/source/SCR-RES-03.svg,design/exports/SCR-RES-03.png,STATE-01;STATE-02;STATE-03;STATE-04;STATE-05;STATE-06,SCR-MOBILE-01;SCR-MOBILE-02;SCR-TABLET-01,TASK-RES-002,TEST-RES-002,P1,P1,TASK-RES-001,,,,not_started,not_run,present,VAR-RES-VERSION,design/source/VAR-RES-VERSION.svg,design/exports/VAR-RES-VERSION.png
REQ-RES-003,"Отмена, удаление из календаря и восстановление",documented,mandatory_parity,DOC-003;ACC-003,https://confluence.lan.realtycalendar.ru/kb/sozdanie-sobytiya-zayavka-bron-otmena-ili-udaleno-30957142.html;https://realtycalendar.ru/chessmate/,ACC-003,Подтверждено публичным источником; операции в аккаунте не выполнялись,SCR-RES-04,Отмена и восстановление,design/source/SCR-RES-04.svg,design/exports/SCR-RES-04.png,STATE-01;STATE-02;STATE-03;STATE-04;STATE-05;STATE-06,SCR-MOBILE-01;SCR-MOBILE-02;SCR-TABLET-01,TASK-RES-003,TEST-RES-003,P1,P1,TASK-RES-002,,,,not_started,not_run,present,,,
REQ-RES-004,Правила редактирования брони внешнего канала,documented,mandatory_parity,DOC-003;DOC-026,https://confluence.lan.realtycalendar.ru/kb/sozdanie-sobytiya-zayavka-bron-otmena-ili-udaleno-30957142.html;https://confluence.lan.realtycalendar.ru/kb/osobennosti-raboty-sinhronizatsii-s-kanalami-30958475.html,,Подтверждено публичным источником; операции в аккаунте не выполнялись,SCR-RES-03,Бронирование КК-1042,design/source/SCR-RES-03.svg,design/exports/SCR-RES-03.png,STATE-01;STATE-02;STATE-03;STATE-04;STATE-05;STATE-06,SCR-MOBILE-01;SCR-MOBILE-02;SCR-TABLET-01,TASK-RES-004,TEST-RES-004,P3,P3,TASK-RES-002;TASK-INT-003,integrations/passports/INT-AVITO.md;integrations/passports/INT-SUTOCHNO.md,,,not_started,not_run,present,VAR-RES-VERSION,design/source/VAR-RES-VERSION.svg,design/exports/VAR-RES-VERSION.png
REQ-RES-005,История изменения брони,documented,mandatory_parity,DOC-003,https://confluence.lan.realtycalendar.ru/kb/sozdanie-sobytiya-zayavka-bron-otmena-ili-udaleno-30957142.html,,Подтверждено публичным источником; операции в аккаунте не выполнялись,SCR-RES-05,История бронирования,design/source/SCR-RES-05.svg,design/exports/SCR-RES-05.png,STATE-01;STATE-02;STATE-03;STATE-04;STATE-05;STATE-06,SCR-MOBILE-01;SCR-MOBILE-02;SCR-TABLET-01,TASK-RES-005,TEST-RES-005,P1,P1,TASK-OBJ-004;TASK-RTE-001;TASK-GST-001,,,,not_started,not_run,present,,,
REQ-RES-006,Реестр броней и расписание заездов/выездов,account,mandatory_parity,DOC-001;DOC-012;ACC-005;ACC-006,https://new.realtycalendar.ru/products/booking;https://confluence.lan.realtycalendar.ru/kb/razdel-klienty-30957160.html;https://realtycalendar.ru/chessmate/,ACC-005;ACC-006,Проверено только указанное чтение аккаунта; изменяющие операции и целевая приемка не выполнялись,SCR-RES-01,Реестр бронирований,design/source/SCR-RES-01.svg,design/exports/SCR-RES-01.png,STATE-01;STATE-02;STATE-03;STATE-04;STATE-05;STATE-06,SCR-MOBILE-01;SCR-MOBILE-02;SCR-TABLET-01,TASK-RES-006,TEST-RES-006,P1,P1,TASK-OBJ-004;TASK-RTE-001;TASK-GST-001,,,,not_started,not_run,present,,,
REQ-RES-006,Реестр броней и расписание заездов/выездов,account,mandatory_parity,DOC-001;DOC-012;ACC-005;ACC-006,https://new.realtycalendar.ru/products/booking;https://confluence.lan.realtycalendar.ru/kb/razdel-klienty-30957160.html;https://realtycalendar.ru/chessmate/,ACC-005;ACC-006,Проверено только указанное чтение аккаунта; изменяющие операции и целевая приемка не выполнялись,SCR-RES-06,Заезды и выезды,design/source/SCR-RES-06.svg,design/exports/SCR-RES-06.png,STATE-01;STATE-02;STATE-03;STATE-04;STATE-05;STATE-06,SCR-MOBILE-01;SCR-MOBILE-02;SCR-TABLET-01,TASK-RES-006,TEST-RES-006,P1,P1,TASK-OBJ-004;TASK-RTE-001;TASK-GST-001,,,,not_started,not_run,present,,,
REQ-RES-007,Справочник источников,documented,mandatory_parity,DOC-004;ACC-007,https://confluence.lan.realtycalendar.ru/kb/istochniki-bronirovanij-30958511.html;https://realtycalendar.ru/chessmate/,ACC-007,Подтверждено публичным источником; операции в аккаунте не выполнялись,SCR-RES-07,Источники бронирования,design/source/SCR-RES-07.svg,design/exports/SCR-RES-07.png,STATE-01;STATE-02;STATE-03;STATE-04;STATE-05;STATE-06,SCR-MOBILE-01;SCR-MOBILE-02;SCR-TABLET-01,TASK-RES-007,TEST-RES-007,P1,P1,TASK-OBJ-004;TASK-RTE-001;TASK-GST-001,,,,not_started,not_run,present,,,
REQ-RES-008,Подборка объектов для гостя,documented,mandatory_parity,DOC-018,https://confluence.lan.realtycalendar.ru/kb/korzina-funktsiya-podborki-ob-ektov-razmeshcheniya-dlya-otpravki-gostyu-30957144.html,,Подтверждено публичным источником; операции в аккаунте не выполнялись,SCR-RES-08,Подборка для гостя,design/source/SCR-RES-08.svg,design/exports/SCR-RES-08.png,STATE-01;STATE-02;STATE-03;STATE-04;STATE-05;STATE-06,SCR-MOBILE-01;SCR-MOBILE-02;SCR-TABLET-01,TASK-RES-008,TEST-RES-008,P2,P2,TASK-OBJ-002;TASK-RTE-011,,,,not_started,not_run,present,,,
REQ-RES-009,Публичный модуль прямого бронирования,documented,mandatory_parity,DOC-020,https://new.realtycalendar.ru/products/booking-module,,Подтверждено публичным источником; операции в аккаунте не выполнялись,SCR-RES-09,Прямое бронирование,design/source/SCR-RES-09.svg,design/exports/SCR-RES-09.png,STATE-01;STATE-02;STATE-03;STATE-04;STATE-05;STATE-06,SCR-MOBILE-01;SCR-MOBILE-02;SCR-TABLET-01,TASK-RES-009,TEST-RES-009,P2,P2,TASK-RTE-011;TASK-CAL-007;TASK-GST-001,,,,not_started,not_run,present,,,
REQ-RES-010,Настройки виджета и публичной витрины,documented,mandatory_parity,DOC-020,https://new.realtycalendar.ru/products/booking-module,,Подтверждено публичным источником; операции в аккаунте не выполнялись,SCR-RES-10,Модуль бронирования,design/source/SCR-RES-10.svg,design/exports/SCR-RES-10.png,STATE-01;STATE-02;STATE-03;STATE-04;STATE-05;STATE-06,SCR-MOBILE-01;SCR-MOBILE-02;SCR-TABLET-01,TASK-RES-010,TEST-RES-010,P2,P2,TASK-RES-009,,,,not_started,not_run,present,,,
REQ-RES-011,Партнерский каталог и взаимная видимость,documented,mandatory_parity,DOC-019;ACC-PART-01,https://confluence.lan.realtycalendar.ru/kb/potentsial-nye-partnery-30958636.html;https://realtycalendar.ru/chessmate/,ACC-PART-01,Подтверждено публичным источником; операции в аккаунте не выполнялись,SCR-RES-11,Партнёры и доступ,design/source/SCR-RES-11.svg,design/exports/SCR-RES-11.png,STATE-01;STATE-02;STATE-03;STATE-04;STATE-05;STATE-06,SCR-MOBILE-01;SCR-MOBILE-02;SCR-TABLET-01,TASK-RES-011,TEST-RES-011,P2,P2,TASK-RES-001;TASK-IAM-005,,,,not_started,not_run,present,,,
REQ-RES-012,Дополнительные услуги и заявки гостя,documented,mandatory_parity,DOC-024,https://new.realtycalendar.ru/products/autopilot,,Подтверждено публичным источником; операции в аккаунте не выполнялись,SCR-RES-12,Дополнительные услуги,design/source/SCR-RES-12.svg,design/exports/SCR-RES-12.png,STATE-01;STATE-02;STATE-03;STATE-04;STATE-05;STATE-06,SCR-MOBILE-01;SCR-MOBILE-02;SCR-TABLET-01,TASK-RES-012,TEST-RES-012,P2,P2,TASK-OBJ-004;TASK-RTE-001;TASK-GST-001,,,,not_started,not_run,present,,,
REQ-RES-013,Фактическое заселение и выезд,documented,mandatory_parity,DOC-024,https://new.realtycalendar.ru/products/autopilot,,Подтверждено публичным источником; операции в аккаунте не выполнялись,SCR-RES-06,Заезды и выезды,design/source/SCR-RES-06.svg,design/exports/SCR-RES-06.png,STATE-01;STATE-02;STATE-03;STATE-04;STATE-05;STATE-06,SCR-MOBILE-01;SCR-MOBILE-02;SCR-TABLET-01,TASK-RES-013,TEST-RES-013,P2,P2,TASK-OBJ-004;TASK-RTE-001;TASK-GST-001,,,,not_started,not_run,present,,,
REQ-OBJ-001,Карточка объекта и адрес,documented,mandatory_parity,DOC-005;ACC-OBJ-01,https://confluence.lan.realtycalendar.ru/kb/kak-dobavit-novyj-ob-ekt-v-vash-kalendar-30955652.html;https://realtycalendar.ru/chessmate/,ACC-OBJ-01,Подтверждено публичным источником; операции в аккаунте не выполнялись,SCR-OBJ-02,Карточка объекта,design/source/SCR-OBJ-02.svg,design/exports/SCR-OBJ-02.png,STATE-01;STATE-02;STATE-03;STATE-04;STATE-05;STATE-06,SCR-MOBILE-01;SCR-MOBILE-02;SCR-TABLET-01,TASK-OBJ-001,TEST-OBJ-001,P1,P1,TASK-ORG-002;TASK-IAM-005,,,,not_started,not_run,present,,,
REQ-OBJ-002,"Фотографии, описание и удобства",documented,mandatory_parity,DOC-005;ACC-OBJ-01,https://confluence.lan.realtycalendar.ru/kb/kak-dobavit-novyj-ob-ekt-v-vash-kalendar-30955652.html;https://realtycalendar.ru/chessmate/,ACC-OBJ-01,Подтверждено публичным источником; операции в аккаунте не выполнялись,SCR-OBJ-02,Карточка объекта,design/source/SCR-OBJ-02.svg,design/exports/SCR-OBJ-02.png,STATE-01;STATE-02;STATE-03;STATE-04;STATE-05;STATE-06,SCR-MOBILE-01;SCR-MOBILE-02;SCR-TABLET-01,TASK-OBJ-002,TEST-OBJ-002,P1,P1,TASK-ORG-002;TASK-IAM-005;TASK-OBJ-001,,,,not_started,not_run,present,,,
REQ-OBJ-003,Правила проживания и сведения для гостя,documented,mandatory_parity,DOC-005;DOC-024,https://confluence.lan.realtycalendar.ru/kb/kak-dobavit-novyj-ob-ekt-v-vash-kalendar-30955652.html;https://new.realtycalendar.ru/products/autopilot,,Подтверждено публичным источником; операции в аккаунте не выполнялись,SCR-OBJ-03,Правила проживания,design/source/SCR-OBJ-03.svg,design/exports/SCR-OBJ-03.png,STATE-01;STATE-02;STATE-03;STATE-04;STATE-05;STATE-06,SCR-MOBILE-01;SCR-MOBILE-02;SCR-TABLET-01,TASK-OBJ-003,TEST-OBJ-003,P1,P1,TASK-ORG-002;TASK-IAM-005;TASK-OBJ-001,,,,not_started,not_run,present,,,
REQ-OBJ-004,Категории и отдельные номера,documented,mandatory_parity,DOC-006,https://confluence.lan.realtycalendar.ru/kb/nomernoj-fond-30955555.html,,Подтверждено публичным источником; операции в аккаунте не выполнялись,SCR-OBJ-04,Номерной фонд и распределение,design/source/SCR-OBJ-04.svg,design/exports/SCR-OBJ-04.png,STATE-01;STATE-02;STATE-03;STATE-04;STATE-05;STATE-06,SCR-MOBILE-01;SCR-MOBILE-02;SCR-TABLET-01,TASK-OBJ-004,TEST-OBJ-004,P1,P1,TASK-OBJ-001,,,,not_started,not_run,present,,,
REQ-OBJ-005,Распределение неразобранных броней фонда,documented,mandatory_parity,DOC-006,https://confluence.lan.realtycalendar.ru/kb/nomernoj-fond-30955555.html,,Подтверждено публичным источником; операции в аккаунте не выполнялись,SCR-OBJ-04,Номерной фонд и распределение,design/source/SCR-OBJ-04.svg,design/exports/SCR-OBJ-04.png,STATE-01;STATE-02;STATE-03;STATE-04;STATE-05;STATE-06,SCR-MOBILE-01;SCR-MOBILE-02;SCR-TABLET-01,TASK-OBJ-005,TEST-OBJ-005,P2,P2,TASK-OBJ-004;TASK-RES-001;TASK-CAL-007,,,,not_started,not_run,present,,,
REQ-OBJ-006,Архивация и восстановление объектов,documented,mandatory_parity,DOC-014,https://confluence.lan.realtycalendar.ru/kb/rashody-30958622.html,,Подтверждено публичным источником; операции в аккаунте не выполнялись,SCR-OBJ-01,Объекты и номера,design/source/SCR-OBJ-01.svg,design/exports/SCR-OBJ-01.png,STATE-01;STATE-02;STATE-03;STATE-04;STATE-05;STATE-06,SCR-MOBILE-01;SCR-MOBILE-02;SCR-TABLET-01,TASK-OBJ-006,TEST-OBJ-006,P2,P2,TASK-ORG-002;TASK-IAM-005;TASK-OBJ-001,,,,not_started,not_run,present,,,
REQ-OBJ-007,Объекты на карте,documented,mandatory_parity,DOC-020,https://new.realtycalendar.ru/products/booking-module,,Подтверждено публичным источником; операции в аккаунте не выполнялись,SCR-OBJ-05,Объекты на карте,design/source/SCR-OBJ-05.svg,design/exports/SCR-OBJ-05.png,STATE-01;STATE-02;STATE-03;STATE-04;STATE-05;STATE-06,SCR-MOBILE-01;SCR-MOBILE-02;SCR-TABLET-01,TASK-OBJ-007,TEST-OBJ-007,P2,P2,TASK-ORG-002;TASK-IAM-005;TASK-OBJ-001,,,,not_started,not_run,present,,,
REQ-OBJ-008,"Служебные сведения, собственник и реквизиты",documented,mandatory_parity,DOC-005;DOC-028,https://confluence.lan.realtycalendar.ru/kb/kak-dobavit-novyj-ob-ekt-v-vash-kalendar-30955652.html;https://confluence.lan.realtycalendar.ru/kb/podklyuchenie-monety-dlya-yur-lits-i-ip-48432578.html,,Подтверждено публичным источником; операции в аккаунте не выполнялись,SCR-OBJ-06,Реквизиты объекта,design/source/SCR-OBJ-06.svg,design/exports/SCR-OBJ-06.png,STATE-01;STATE-02;STATE-03;STATE-04;STATE-05;STATE-06,SCR-MOBILE-01;SCR-MOBILE-02;SCR-TABLET-01,TASK-OBJ-008,TEST-OBJ-008,P2,P2,TASK-ORG-002;TASK-IAM-005;TASK-OBJ-001,,,,not_started,not_run,present,,,
REQ-RTE-001,"Базовая цена, выходные и минимальный срок",documented,mandatory_parity,DOC-005;DOC-007;ACC-OBJ-01,https://confluence.lan.realtycalendar.ru/kb/kak-dobavit-novyj-ob-ekt-v-vash-kalendar-30955652.html;https://confluence.lan.realtycalendar.ru/kb/prioritetnost-tsen-i-minimal-nyh-srokov-v-sisteme-realtycalendar-30957138.html;https://realtycalendar.ru/chessmate/,ACC-OBJ-01,Подтверждено публичным источником; операции в аккаунте не выполнялись,SCR-RTE-01,Базовые цены и скидки,design/source/SCR-RTE-01.svg,design/exports/SCR-RTE-01.png,STATE-01;STATE-02;STATE-03;STATE-04;STATE-05;STATE-06,SCR-MOBILE-01;SCR-MOBILE-02;SCR-TABLET-01,TASK-RTE-001,TEST-RTE-001,P1,P1,TASK-OBJ-001,,,,not_started,not_run,present,,,
REQ-RTE-002,Сезонные цены и привязка к объектам,documented,mandatory_parity,DOC-007;ACC-007,https://confluence.lan.realtycalendar.ru/kb/prioritetnost-tsen-i-minimal-nyh-srokov-v-sisteme-realtycalendar-30957138.html;https://realtycalendar.ru/chessmate/,ACC-007,Подтверждено публичным источником; операции в аккаунте не выполнялись,SCR-RTE-02,Сезоны,design/source/SCR-RTE-02.svg,design/exports/SCR-RTE-02.png,STATE-01;STATE-02;STATE-03;STATE-04;STATE-05;STATE-06,SCR-MOBILE-01;SCR-MOBILE-02;SCR-TABLET-01,TASK-RTE-002,TEST-RTE-002,P2,P2,TASK-OBJ-001;TASK-RTE-001,,,,not_started,not_run,present,,,
REQ-RTE-003,Спецусловия на отдельные дни,documented,mandatory_parity,DOC-008,https://confluence.lan.realtycalendar.ru/kb/spets-usloviya-osobennosti-nastrojka-i-redaktirovanie-v-desktopnoj-i-mobil-noj-versiyah-30955765.html,,Подтверждено публичным источником; операции в аккаунте не выполнялись,SCR-RTE-03,Ограничения проживания,design/source/SCR-RTE-03.svg,design/exports/SCR-RTE-03.png,STATE-01;STATE-02;STATE-03;STATE-04;STATE-05;STATE-06,SCR-MOBILE-01;SCR-MOBILE-02;SCR-TABLET-01,TASK-RTE-003,TEST-RTE-003,P2,P2,TASK-OBJ-001;TASK-RTE-001,,,,not_started,not_run,present,VAR-RTE-INVALID,design/source/VAR-RTE-INVALID.svg,design/exports/VAR-RTE-INVALID.png
REQ-RTE-004,"Закрытие продаж, заезда и выезда",documented,mandatory_parity,DOC-008,https://confluence.lan.realtycalendar.ru/kb/spets-usloviya-osobennosti-nastrojka-i-redaktirovanie-v-desktopnoj-i-mobil-noj-versiyah-30955765.html,,Подтверждено публичным источником; операции в аккаунте не выполнялись,SCR-RTE-03,Ограничения проживания,design/source/SCR-RTE-03.svg,design/exports/SCR-RTE-03.png,STATE-01;STATE-02;STATE-03;STATE-04;STATE-05;STATE-06,SCR-MOBILE-01;SCR-MOBILE-02;SCR-TABLET-01,TASK-RTE-004,TEST-RTE-004,P2,P2,TASK-OBJ-001;TASK-RTE-001,,,,not_started,not_run,present,VAR-RTE-INVALID,design/source/VAR-RTE-INVALID.svg,design/exports/VAR-RTE-INVALID.png
REQ-RTE-005,Массовое изменение цен и условий,documented,mandatory_parity,DOC-002;DOC-008;ACC-003,https://new.realtycalendar.ru/products;https://confluence.lan.realtycalendar.ru/kb/spets-usloviya-osobennosti-nastrojka-i-redaktirovanie-v-desktopnoj-i-mobil-noj-versiyah-30955765.html;https://realtycalendar.ru/chessmate/,ACC-003,Подтверждено публичным источником; операции в аккаунте не выполнялись,SCR-RTE-04,Массовое изменение цен,design/source/SCR-RTE-04.svg,design/exports/SCR-RTE-04.png,STATE-01;STATE-02;STATE-03;STATE-04;STATE-05;STATE-06,SCR-MOBILE-01;SCR-MOBILE-02;SCR-TABLET-01,TASK-RTE-005,TEST-RTE-005,P2,P2,TASK-OBJ-001;TASK-RTE-001,,,,not_started,not_run,present,VAR-RTE-PREVIEW,design/source/VAR-RTE-PREVIEW.svg,design/exports/VAR-RTE-PREVIEW.png
REQ-RTE-006,Динамический минимальный срок и окна,documented,mandatory_parity,DOC-007;DOC-006;ACC-007,https://confluence.lan.realtycalendar.ru/kb/prioritetnost-tsen-i-minimal-nyh-srokov-v-sisteme-realtycalendar-30957138.html;https://confluence.lan.realtycalendar.ru/kb/nomernoj-fond-30955555.html;https://realtycalendar.ru/chessmate/,ACC-007,Подтверждено публичным источником; операции в аккаунте не выполнялись,SCR-RTE-05,"Динамика, окна и горизонт",design/source/SCR-RTE-05.svg,design/exports/SCR-RTE-05.png,STATE-01;STATE-02;STATE-03;STATE-04;STATE-05;STATE-06,SCR-MOBILE-01;SCR-MOBILE-02;SCR-TABLET-01,TASK-RTE-006,TEST-RTE-006,P2,P2,TASK-OBJ-001;TASK-RTE-001,,,,not_started,not_run,present,,,
REQ-RTE-007,Скидки за длительность,documented,mandatory_parity,DOC-009,https://confluence.lan.realtycalendar.ru/kb/kak-ustanovit-skidki-na-srok-proyoivaniya-v-realtycalendar-30955856.html,,Подтверждено публичным источником; операции в аккаунте не выполнялись,SCR-RTE-01,Базовые цены и скидки,design/source/SCR-RTE-01.svg,design/exports/SCR-RTE-01.png,STATE-01;STATE-02;STATE-03;STATE-04;STATE-05;STATE-06,SCR-MOBILE-01;SCR-MOBILE-02;SCR-TABLET-01,TASK-RTE-007,TEST-RTE-007,P2,P2,TASK-OBJ-001;TASK-RTE-001,,,,not_started,not_run,present,,,
REQ-RTE-007,Скидки за длительность,documented,mandatory_parity,DOC-009,https://confluence.lan.realtycalendar.ru/kb/kak-ustanovit-skidki-na-srok-proyoivaniya-v-realtycalendar-30955856.html,,Подтверждено публичным источником; операции в аккаунте не выполнялись,SCR-RTE-02,Сезоны,design/source/SCR-RTE-02.svg,design/exports/SCR-RTE-02.png,STATE-01;STATE-02;STATE-03;STATE-04;STATE-05;STATE-06,SCR-MOBILE-01;SCR-MOBILE-02;SCR-TABLET-01,TASK-RTE-007,TEST-RTE-007,P2,P2,TASK-OBJ-001;TASK-RTE-001,,,,not_started,not_run,present,,,
REQ-RTE-008,Доплата за взрослых и детские условия,documented,mandatory_parity,DOC-010;DOC-020,https://confluence.lan.realtycalendar.ru/kb/kak-ustanovit-natsenku-na-gostej-v-realtycalendar-30957089.html;https://new.realtycalendar.ru/products/booking-module,,Подтверждено публичным источником; операции в аккаунте не выполнялись,SCR-RTE-06,Состав гостей и детские тарифы,design/source/SCR-RTE-06.svg,design/exports/SCR-RTE-06.png,STATE-01;STATE-02;STATE-03;STATE-04;STATE-05;STATE-06,SCR-MOBILE-01;SCR-MOBILE-02;SCR-TABLET-01,TASK-RTE-008,TEST-RTE-008,P2,P2,TASK-OBJ-001;TASK-RTE-001,,,,not_started,not_run,present,,,
REQ-RTE-009,Тарифы и наценки каналов,documented,mandatory_parity,DOC-011;ACC-RTE-01;ACC-CHAN-01;ACC-CHAN-02,https://confluence.lan.realtycalendar.ru/kb/gibkoe-upravlenie-tarifami-30955746.html;https://realtycalendar.ru/chessmate/,ACC-RTE-01;ACC-CHAN-01;ACC-CHAN-02,Подтверждено публичным источником; операции в аккаунте не выполнялись,SCR-RTE-07,Тарифы каналов,design/source/SCR-RTE-07.svg,design/exports/SCR-RTE-07.png,STATE-01;STATE-02;STATE-03;STATE-04;STATE-05;STATE-06,SCR-MOBILE-01;SCR-MOBILE-02;SCR-TABLET-01,TASK-RTE-009,TEST-RTE-009,P3,P3,TASK-OBJ-001;TASK-RTE-001,integrations/passports/INT-AVITO.md;integrations/passports/INT-SUTOCHNO.md,,,not_started,not_run,present,,,
REQ-RTE-010,Промокоды прямого бронирования,documented,mandatory_parity,DOC-020,https://new.realtycalendar.ru/products/booking-module,,Подтверждено публичным источником; операции в аккаунте не выполнялись,SCR-RTE-08,Промокоды,design/source/SCR-RTE-08.svg,design/exports/SCR-RTE-08.png,STATE-01;STATE-02;STATE-03;STATE-04;STATE-05;STATE-06,SCR-MOBILE-01;SCR-MOBILE-02;SCR-TABLET-01,TASK-RTE-010,TEST-RTE-010,P2,P2,TASK-OBJ-001;TASK-RTE-001,,,,not_started,not_run,present,,,
REQ-RTE-011,Объяснение итоговой цены,documented,mandatory_parity,DOC-007;DOC-008,https://confluence.lan.realtycalendar.ru/kb/prioritetnost-tsen-i-minimal-nyh-srokov-v-sisteme-realtycalendar-30957138.html;https://confluence.lan.realtycalendar.ru/kb/spets-usloviya-osobennosti-nastrojka-i-redaktirovanie-v-desktopnoj-i-mobil-noj-versiyah-30955765.html,,Подтверждено публичным источником; операции в аккаунте не выполнялись,SCR-RTE-09,Расчёт стоимости,design/source/SCR-RTE-09.svg,design/exports/SCR-RTE-09.png,STATE-01;STATE-02;STATE-03;STATE-04;STATE-05;STATE-06,SCR-MOBILE-01;SCR-MOBILE-02;SCR-TABLET-01,TASK-RTE-011,TEST-RTE-011,P1,P1,TASK-RTE-001,,,,not_started,not_run,present,,,
REQ-RTE-012,Автоматический горизонт продаж,proposed,optional_enhancement,,,,Предложено для Кей Календаря; наличие в RealtyCalendar не заявляется,SCR-RTE-05,"Динамика, окна и горизонт",design/source/SCR-RTE-05.svg,design/exports/SCR-RTE-05.png,STATE-01;STATE-02;STATE-03;STATE-04;STATE-05;STATE-06,SCR-MOBILE-01;SCR-MOBILE-02;SCR-TABLET-01,TASK-RTE-012,TEST-RTE-012,P4,P4,TASK-OBJ-001;TASK-RTE-001,,,,not_started,not_run,present,,,
REQ-GST-001,Справочник гостей и поиск,documented,mandatory_parity,DOC-012,https://confluence.lan.realtycalendar.ru/kb/razdel-klienty-30957160.html,,Подтверждено публичным источником; операции в аккаунте не выполнялись,SCR-GST-01,Гости,design/source/SCR-GST-01.svg,design/exports/SCR-GST-01.png,STATE-01;STATE-02;STATE-03;STATE-04;STATE-05;STATE-06,SCR-MOBILE-01;SCR-MOBILE-02;SCR-TABLET-01,TASK-GST-001,TEST-GST-001,P1,P1,TASK-ORG-002;TASK-IAM-005,,,,not_started,not_run,present,,,
REQ-GST-002,История и показатели гостя,documented,mandatory_parity,DOC-012,https://confluence.lan.realtycalendar.ru/kb/razdel-klienty-30957160.html,,Подтверждено публичным источником; операции в аккаунте не выполнялись,SCR-GST-02,Профиль гостя,design/source/SCR-GST-02.svg,design/exports/SCR-GST-02.png,STATE-01;STATE-02;STATE-03;STATE-04;STATE-05;STATE-06,SCR-MOBILE-01;SCR-MOBILE-02;SCR-TABLET-01,TASK-GST-002,TEST-GST-002,P1,P1,TASK-ORG-002;TASK-IAM-005;TASK-GST-001,,,,not_started,not_run,present,VAR-GST-MERGE,design/source/VAR-GST-MERGE.svg,design/exports/VAR-GST-MERGE.png
REQ-GST-003,Экспорт базы гостей,documented,mandatory_parity,DOC-012,https://confluence.lan.realtycalendar.ru/kb/razdel-klienty-30957160.html,,Подтверждено публичным источником; операции в аккаунте не выполнялись,SCR-GST-01,Гости,design/source/SCR-GST-01.svg,design/exports/SCR-GST-01.png,STATE-01;STATE-02;STATE-03;STATE-04;STATE-05;STATE-06,SCR-MOBILE-01;SCR-MOBILE-02;SCR-TABLET-01,TASK-GST-003,TEST-GST-003,P2,P2,TASK-ORG-002;TASK-IAM-005;TASK-GST-001,,,,not_started,not_run,present,,,
REQ-GST-004,Объединение дублей и ручной контакт,proposed,optional_enhancement,,,,Предложено для Кей Календаря; наличие в RealtyCalendar не заявляется,SCR-GST-02,Профиль гостя,design/source/SCR-GST-02.svg,design/exports/SCR-GST-02.png,STATE-01;STATE-02;STATE-03;STATE-04;STATE-05;STATE-06,SCR-MOBILE-01;SCR-MOBILE-02;SCR-TABLET-01,TASK-GST-004,TEST-GST-004,P4,P4,TASK-ORG-002;TASK-IAM-005;TASK-GST-001,,,,not_started,not_run,present,VAR-GST-MERGE,design/source/VAR-GST-MERGE.svg,design/exports/VAR-GST-MERGE.png
REQ-GST-005,Приватная страница гостя,documented,mandatory_parity,DOC-024,https://new.realtycalendar.ru/products/autopilot,,Подтверждено публичным источником; операции в аккаунте не выполнялись,SCR-GST-03,Кабинет гостя,design/source/SCR-GST-03.svg,design/exports/SCR-GST-03.png,STATE-01;STATE-02;STATE-03;STATE-04;STATE-05;STATE-06,SCR-MOBILE-01;SCR-MOBILE-02;SCR-TABLET-01,TASK-GST-005,TEST-GST-005,P2,P2,TASK-RES-001;TASK-IAM-005,,,,not_started,not_run,present,,,
REQ-GST-006,Документы гостя и согласия,documented,mandatory_parity,DOC-001;DOC-024,https://new.realtycalendar.ru/products/booking;https://new.realtycalendar.ru/products/autopilot,,Подтверждено публичным источником; операции в аккаунте не выполнялись,SCR-GST-04,Документы и согласия,design/source/SCR-GST-04.svg,design/exports/SCR-GST-04.png,STATE-01;STATE-02;STATE-03;STATE-04;STATE-05;STATE-06,SCR-MOBILE-01;SCR-MOBILE-02;SCR-TABLET-01,TASK-GST-006,TEST-GST-006,P2,P2,TASK-GST-005;TASK-OPS-004,,,,not_started,not_run,present,,,
REQ-GST-007,Договор и подтверждение условий,documented,mandatory_parity,DOC-024,https://new.realtycalendar.ru/products/autopilot,,Подтверждено публичным источником; операции в аккаунте не выполнялись,SCR-GST-05,Договор с гостем,design/source/SCR-GST-05.svg,design/exports/SCR-GST-05.png,STATE-01;STATE-02;STATE-03;STATE-04;STATE-05;STATE-06,SCR-MOBILE-01;SCR-MOBILE-02;SCR-TABLET-01,TASK-GST-007,TEST-GST-007,P2,P2,TASK-GST-006,,,,not_started,not_run,present,,,
REQ-GST-008,Заметки о госте и ограничения повторного приема,documented,mandatory_parity,DOC-027,https://confluence.lan.realtycalendar.ru/kb/realtycalendar-zachem-on-vam-nuyoen-30954634.html,,Подтверждено публичным источником; операции в аккаунте не выполнялись,SCR-GST-02,Профиль гостя,design/source/SCR-GST-02.svg,design/exports/SCR-GST-02.png,STATE-01;STATE-02;STATE-03;STATE-04;STATE-05;STATE-06,SCR-MOBILE-01;SCR-MOBILE-02;SCR-TABLET-01,TASK-GST-008,TEST-GST-008,P2,P2,TASK-ORG-002;TASK-IAM-005;TASK-GST-001,,,,not_started,not_run,present,VAR-GST-MERGE,design/source/VAR-GST-MERGE.svg,design/exports/VAR-GST-MERGE.png
REQ-FIN-001,Учетные счета и ручные платежи,documented,mandatory_parity,DOC-013,https://confluence.lan.realtycalendar.ru/kb/otobrayoenie-zadolyoennosti-po-oplate-bronirovanij-30958541.html,,Подтверждено публичным источником; операции в аккаунте не выполнялись,SCR-FIN-01,Платежи и счета,design/source/SCR-FIN-01.svg,design/exports/SCR-FIN-01.png,STATE-01;STATE-02;STATE-03;STATE-04;STATE-05;STATE-06,SCR-MOBILE-01;SCR-MOBILE-02;SCR-TABLET-01,TASK-FIN-001,TEST-FIN-001,P1,P1,TASK-RES-001,,,,not_started,not_run,present,,,
REQ-FIN-001,Учетные счета и ручные платежи,documented,mandatory_parity,DOC-013,https://confluence.lan.realtycalendar.ru/kb/otobrayoenie-zadolyoennosti-po-oplate-bronirovanij-30958541.html,,Подтверждено публичным источником; операции в аккаунте не выполнялись,SCR-FIN-02,Ручной платёж,design/source/SCR-FIN-02.svg,design/exports/SCR-FIN-02.png,STATE-01;STATE-02;STATE-03;STATE-04;STATE-05;STATE-06,SCR-MOBILE-01;SCR-MOBILE-02;SCR-TABLET-01,TASK-FIN-001,TEST-FIN-001,P1,P1,TASK-RES-001,,,,not_started,not_run,present,,,
REQ-FIN-002,"Остаток, срок оплаты и переплата",documented,mandatory_parity,DOC-013;ACC-005,https://confluence.lan.realtycalendar.ru/kb/otobrayoenie-zadolyoennosti-po-oplate-bronirovanij-30958541.html;https://realtycalendar.ru/chessmate/,ACC-005,Подтверждено публичным источником; операции в аккаунте не выполнялись,SCR-FIN-02,Ручной платёж,design/source/SCR-FIN-02.svg,design/exports/SCR-FIN-02.png,STATE-01;STATE-02;STATE-03;STATE-04;STATE-05;STATE-06,SCR-MOBILE-01;SCR-MOBILE-02;SCR-TABLET-01,TASK-FIN-002,TEST-FIN-002,P1,P1,TASK-RES-001;TASK-FIN-001,,,,not_started,not_run,present,,,
REQ-FIN-003,Платежная ссылка и онлайн-предоплата,documented,mandatory_parity,DOC-020;DOC-028;ACC-PAY-01,https://new.realtycalendar.ru/products/booking-module;https://confluence.lan.realtycalendar.ru/kb/podklyuchenie-monety-dlya-yur-lits-i-ip-48432578.html;https://realtycalendar.ru/chessmate/,ACC-PAY-01,Подтверждено публичным источником; операции в аккаунте не выполнялись,SCR-FIN-03,Ссылки и возвраты,design/source/SCR-FIN-03.svg,design/exports/SCR-FIN-03.png,STATE-01;STATE-02;STATE-03;STATE-04;STATE-05;STATE-06,SCR-MOBILE-01;SCR-MOBILE-02;SCR-TABLET-01,TASK-FIN-003,TEST-FIN-003,P3,P3,TASK-FIN-001;TASK-INT-004,integrations/passports/INT-MONETA-BUSINESS.md;integrations/passports/INT-MONETA-PERSONAL.md,,,not_started,not_run,present,VAR-FIN-UNKNOWN;VAR-FIN-LINK,design/source/VAR-FIN-UNKNOWN.svg;design/source/VAR-FIN-LINK.svg,design/exports/VAR-FIN-UNKNOWN.png;design/exports/VAR-FIN-LINK.png
REQ-FIN-004,Реестр и сверка платежей,documented,mandatory_parity,DOC-013,https://confluence.lan.realtycalendar.ru/kb/otobrayoenie-zadolyoennosti-po-oplate-bronirovanij-30958541.html,,Подтверждено публичным источником; операции в аккаунте не выполнялись,SCR-FIN-01,Платежи и счета,design/source/SCR-FIN-01.svg,design/exports/SCR-FIN-01.png,STATE-01;STATE-02;STATE-03;STATE-04;STATE-05;STATE-06,SCR-MOBILE-01;SCR-MOBILE-02;SCR-TABLET-01,TASK-FIN-004,TEST-FIN-004,P1,P1,TASK-RES-001;TASK-FIN-001,,,,not_started,not_run,present,,,
REQ-FIN-005,Залог: ручной учет и онлайн-операция,documented,mandatory_parity,DOC-015;ACC-FIN-01;ACC-PAY-01,https://confluence.lan.realtycalendar.ru/kb/zalog-30958547.html?selectedPageVersions=3&selectedPageVersions=4;https://realtycalendar.ru/chessmate/,ACC-FIN-01;ACC-PAY-01,Подтверждено публичным источником; операции в аккаунте не выполнялись,SCR-FIN-04,Залоги,design/source/SCR-FIN-04.svg,design/exports/SCR-FIN-04.png,STATE-01;STATE-02;STATE-03;STATE-04;STATE-05;STATE-06,SCR-MOBILE-01;SCR-MOBILE-02;SCR-TABLET-01,TASK-FIN-005,TEST-FIN-005,P3,P3,TASK-FIN-001;TASK-INT-004,integrations/passports/INT-MONETA-BUSINESS.md;integrations/passports/INT-MONETA-PERSONAL.md,,,not_started,not_run,present,VAR-FIN-DEPOSIT;VAR-FIN-AUTHORIZATION,design/source/VAR-FIN-DEPOSIT.svg;design/source/VAR-FIN-AUTHORIZATION.svg,design/exports/VAR-FIN-DEPOSIT.png;design/exports/VAR-FIN-AUTHORIZATION.png
REQ-FIN-006,Возврат и удержание залога,documented,mandatory_parity,DOC-015;ACC-FIN-01,https://confluence.lan.realtycalendar.ru/kb/zalog-30958547.html?selectedPageVersions=3&selectedPageVersions=4;https://realtycalendar.ru/chessmate/,ACC-FIN-01,Подтверждено публичным источником; операции в аккаунте не выполнялись,SCR-FIN-04,Залоги,design/source/SCR-FIN-04.svg,design/exports/SCR-FIN-04.png,STATE-01;STATE-02;STATE-03;STATE-04;STATE-05;STATE-06,SCR-MOBILE-01;SCR-MOBILE-02;SCR-TABLET-01,TASK-FIN-006,TEST-FIN-006,P3,P3,TASK-FIN-005,integrations/passports/INT-MONETA-BUSINESS.md;integrations/passports/INT-MONETA-PERSONAL.md,,,not_started,not_run,present,VAR-FIN-DEPOSIT;VAR-FIN-AUTHORIZATION,design/source/VAR-FIN-DEPOSIT.svg;design/source/VAR-FIN-AUTHORIZATION.svg,design/exports/VAR-FIN-DEPOSIT.png;design/exports/VAR-FIN-AUTHORIZATION.png
REQ-FIN-007,"Расходы, статьи и распределение",documented,mandatory_parity,DOC-014,https://confluence.lan.realtycalendar.ru/kb/rashody-30958622.html,,Подтверждено публичным источником; операции в аккаунте не выполнялись,SCR-FIN-05,Расходы,design/source/SCR-FIN-05.svg,design/exports/SCR-FIN-05.png,STATE-01;STATE-02;STATE-03;STATE-04;STATE-05;STATE-06,SCR-MOBILE-01;SCR-MOBILE-02;SCR-TABLET-01,TASK-FIN-007,TEST-FIN-007,P1,P1,TASK-RES-001;TASK-FIN-001,,,,not_started,not_run,present,,,
REQ-FIN-008,Комиссии каналов,documented,mandatory_parity,DOC-016;DOC-028,https://confluence.lan.realtycalendar.ru/kb/statistika-finansy-i-zagruzka-48433132.html;https://confluence.lan.realtycalendar.ru/kb/podklyuchenie-monety-dlya-yur-lits-i-ip-48432578.html,,Подтверждено публичным источником; операции в аккаунте не выполнялись,SCR-FIN-06,Комиссии каналов,design/source/SCR-FIN-06.svg,design/exports/SCR-FIN-06.png,STATE-01;STATE-02;STATE-03;STATE-04;STATE-05;STATE-06,SCR-MOBILE-01;SCR-MOBILE-02;SCR-TABLET-01,TASK-FIN-008,TEST-FIN-008,P2,P2,TASK-RES-001;TASK-FIN-001,,,,not_started,not_run,present,,,
REQ-FIN-009,Возвраты проживания и фискальные документы,documented,mandatory_parity,DOC-028,https://confluence.lan.realtycalendar.ru/kb/podklyuchenie-monety-dlya-yur-lits-i-ip-48432578.html,,Подтверждено публичным источником; операции в аккаунте не выполнялись,SCR-FIN-03,Ссылки и возвраты,design/source/SCR-FIN-03.svg,design/exports/SCR-FIN-03.png,STATE-01;STATE-02;STATE-03;STATE-04;STATE-05;STATE-06,SCR-MOBILE-01;SCR-MOBILE-02;SCR-TABLET-01,TASK-FIN-009,TEST-FIN-009,P3,P3,TASK-FIN-001;TASK-INT-004,integrations/passports/INT-MONETA-BUSINESS.md;integrations/passports/INT-MONETA-PERSONAL.md,TASK-ADP-MONETA-PERSONAL;TASK-ADP-MONETA-BUSINESS;TASK-ADP-YOOKASSA;TASK-ADP-KOMTET;TASK-ADP-BUSINESSRU;TASK-ADP-CLOUDKASSIR;TASK-ADP-LIFEPAY;TASK-ADP-ATOL;TASK-ADP-EVOTOR;TASK-ADP-FERMA;TASK-ADP-FIRSTOFD;TASK-ADP-KITONLINE;TASK-ADP-ORANGEDATA;TASK-ADP-SBIS;TASK-ADP-DIGITALKASSA;TASK-ADP-MODULKASSA;TASK-ADP-PLATFORMAOFD;TASK-ADP-TAXCOMOFD,INT-MONETA-PERSONAL;INT-MONETA-BUSINESS;INT-YOOKASSA;INT-KOMTET;INT-BUSINESSRU;INT-CLOUDKASSIR;INT-LIFEPAY;INT-ATOL;INT-EVOTOR;INT-FERMA;INT-FIRSTOFD;INT-KITONLINE;INT-ORANGEDATA;INT-SBIS;INT-DIGITALKASSA;INT-MODULKASSA;INT-PLATFORMAOFD;INT-TAXCOMOFD,not_started,not_run,present,VAR-FIN-UNKNOWN;VAR-FIN-LINK,design/source/VAR-FIN-UNKNOWN.svg;design/source/VAR-FIN-LINK.svg,design/exports/VAR-FIN-UNKNOWN.png;design/exports/VAR-FIN-LINK.png
REQ-FIN-009,Возвраты проживания и фискальные документы,documented,mandatory_parity,DOC-028,https://confluence.lan.realtycalendar.ru/kb/podklyuchenie-monety-dlya-yur-lits-i-ip-48432578.html,,Подтверждено публичным источником; операции в аккаунте не выполнялись,SCR-FIN-07,Чеки,design/source/SCR-FIN-07.svg,design/exports/SCR-FIN-07.png,STATE-01;STATE-02;STATE-03;STATE-04;STATE-05;STATE-06,SCR-MOBILE-01;SCR-MOBILE-02;SCR-TABLET-01,TASK-FIN-009,TEST-FIN-009,P3,P3,TASK-FIN-001;TASK-INT-004,integrations/passports/INT-MONETA-BUSINESS.md;integrations/passports/INT-MONETA-PERSONAL.md,TASK-ADP-MONETA-PERSONAL;TASK-ADP-MONETA-BUSINESS;TASK-ADP-YOOKASSA;TASK-ADP-KOMTET;TASK-ADP-BUSINESSRU;TASK-ADP-CLOUDKASSIR;TASK-ADP-LIFEPAY;TASK-ADP-ATOL;TASK-ADP-EVOTOR;TASK-ADP-FERMA;TASK-ADP-FIRSTOFD;TASK-ADP-KITONLINE;TASK-ADP-ORANGEDATA;TASK-ADP-SBIS;TASK-ADP-DIGITALKASSA;TASK-ADP-MODULKASSA;TASK-ADP-PLATFORMAOFD;TASK-ADP-TAXCOMOFD,INT-MONETA-PERSONAL;INT-MONETA-BUSINESS;INT-YOOKASSA;INT-KOMTET;INT-BUSINESSRU;INT-CLOUDKASSIR;INT-LIFEPAY;INT-ATOL;INT-EVOTOR;INT-FERMA;INT-FIRSTOFD;INT-KITONLINE;INT-ORANGEDATA;INT-SBIS;INT-DIGITALKASSA;INT-MODULKASSA;INT-PLATFORMAOFD;INT-TAXCOMOFD,not_started,not_run,present,,,
REQ-FIN-010,Подтверждение ручного перевода гостя,documented,mandatory_parity,DOC-024,https://new.realtycalendar.ru/products/autopilot,,Подтверждено публичным источником; операции в аккаунте не выполнялись,SCR-FIN-08,Проверка перевода,design/source/SCR-FIN-08.svg,design/exports/SCR-FIN-08.png,STATE-01;STATE-02;STATE-03;STATE-04;STATE-05;STATE-06,SCR-MOBILE-01;SCR-MOBILE-02;SCR-TABLET-01,TASK-FIN-010,TEST-FIN-010,P2,P2,TASK-RES-001;TASK-FIN-001,,,,not_started,not_run,present,,,
REQ-REP-001,"Доходы, расходы и прибыль",documented,mandatory_parity,DOC-016;ACC-REP-01,https://confluence.lan.realtycalendar.ru/kb/statistika-finansy-i-zagruzka-48433132.html;https://realtycalendar.ru/chessmate/,ACC-REP-01,Подтверждено публичным источником; операции в аккаунте не выполнялись,SCR-REP-01,Финансы и загрузка,design/source/SCR-REP-01.svg,design/exports/SCR-REP-01.png,STATE-01;STATE-02;STATE-03;STATE-04;STATE-05;STATE-06,SCR-MOBILE-01;SCR-MOBILE-02;SCR-TABLET-01,TASK-REP-001,TEST-REP-001,P1,P1,TASK-REP-007,,,,not_started,not_run,present,,,
REQ-REP-002,"Загрузка, ADR и RevPAR",account,mandatory_parity,DOC-016;ACC-REP-01,https://confluence.lan.realtycalendar.ru/kb/statistika-finansy-i-zagruzka-48433132.html;https://realtycalendar.ru/chessmate/,ACC-REP-01,Проверено только указанное чтение аккаунта; изменяющие операции и целевая приемка не выполнялись,SCR-REP-01,Финансы и загрузка,design/source/SCR-REP-01.svg,design/exports/SCR-REP-01.png,STATE-01;STATE-02;STATE-03;STATE-04;STATE-05;STATE-06,SCR-MOBILE-01;SCR-MOBILE-02;SCR-TABLET-01,TASK-REP-002,TEST-REP-002,P1,P1,TASK-FIN-001;TASK-RES-001,,,,not_started,not_run,present,,,
REQ-REP-003,Эффективность источников,documented,mandatory_parity,DOC-004,https://confluence.lan.realtycalendar.ru/kb/istochniki-bronirovanij-30958511.html,,Подтверждено публичным источником; операции в аккаунте не выполнялись,SCR-REP-02,Источники и каналы,design/source/SCR-REP-02.svg,design/exports/SCR-REP-02.png,STATE-01;STATE-02;STATE-03;STATE-04;STATE-05;STATE-06,SCR-MOBILE-01;SCR-MOBILE-02;SCR-TABLET-01,TASK-REP-003,TEST-REP-003,P2,P2,TASK-FIN-001;TASK-RES-001,,,,not_started,not_run,present,,,
REQ-REP-004,Конверсия прямого модуля,documented,mandatory_parity,DOC-021,https://confluence.lan.realtycalendar.ru/kb/statistika-modulya-bronirovaniya-30958647.html,,Подтверждено публичным источником; операции в аккаунте не выполнялись,SCR-REP-03,Статистика модуля,design/source/SCR-REP-03.svg,design/exports/SCR-REP-03.png,STATE-01;STATE-02;STATE-03;STATE-04;STATE-05;STATE-06,SCR-MOBILE-01;SCR-MOBILE-02;SCR-TABLET-01,TASK-REP-004,TEST-REP-004,P2,P2,TASK-FIN-001;TASK-RES-001,,,,not_started,not_run,present,,,
REQ-REP-005,Отчеты оплат и долга,documented,mandatory_parity,DOC-013,https://confluence.lan.realtycalendar.ru/kb/otobrayoenie-zadolyoennosti-po-oplate-bronirovanij-30958541.html,,Подтверждено публичным источником; операции в аккаунте не выполнялись,SCR-REP-01,Финансы и загрузка,design/source/SCR-REP-01.svg,design/exports/SCR-REP-01.png,STATE-01;STATE-02;STATE-03;STATE-04;STATE-05;STATE-06,SCR-MOBILE-01;SCR-MOBILE-02;SCR-TABLET-01,TASK-REP-005,TEST-REP-005,P1,P1,TASK-FIN-001;TASK-RES-001,,,,not_started,not_run,present,,,
REQ-REP-006,Экспорт аналитики и воспроизводимый снимок,proposed,optional_enhancement,,,,Предложено для Кей Календаря; наличие в RealtyCalendar не заявляется,SCR-REP-04,Показатели и экспорт,design/source/SCR-REP-04.svg,design/exports/SCR-REP-04.png,STATE-01;STATE-02;STATE-03;STATE-04;STATE-05;STATE-06,SCR-MOBILE-01;SCR-MOBILE-02;SCR-TABLET-01,TASK-REP-006,TEST-REP-006,P4,P4,TASK-FIN-001;TASK-RES-001,,,,not_started,not_run,present,,,
REQ-REP-007,Словарь показателей и контроль расхождений,documented,mandatory_parity,DOC-016,https://confluence.lan.realtycalendar.ru/kb/statistika-finansy-i-zagruzka-48433132.html,,Подтверждено публичным источником; операции в аккаунте не выполнялись,SCR-REP-04,Показатели и экспорт,design/source/SCR-REP-04.svg,design/exports/SCR-REP-04.png,STATE-01;STATE-02;STATE-03;STATE-04;STATE-05;STATE-06,SCR-MOBILE-01;SCR-MOBILE-02;SCR-TABLET-01,TASK-REP-007,TEST-REP-007,P1,P1,TASK-FIN-001;TASK-RES-001,,,,not_started,not_run,present,,,
REQ-MSG-001,Центр уведомлений команды,documented,mandatory_parity,DOC-017,https://confluence.lan.realtycalendar.ru/kb/vidy-uvedomlenij-v-sisteme-realtysalendar-30958522.html,,Подтверждено публичным источником; операции в аккаунте не выполнялись,SCR-MSG-01,Уведомления,design/source/SCR-MSG-01.svg,design/exports/SCR-MSG-01.png,STATE-01;STATE-02;STATE-03;STATE-04;STATE-05;STATE-06,SCR-MOBILE-01;SCR-MOBILE-02;SCR-TABLET-01,TASK-MSG-001,TEST-MSG-001,P1,P1,TASK-RES-001;TASK-IAM-005,,,,not_started,not_run,present,,,
REQ-MSG-002,Настройки доставки сотруднику,documented,mandatory_parity,DOC-017;DOC-025;ACC-007,https://confluence.lan.realtycalendar.ru/kb/vidy-uvedomlenij-v-sisteme-realtysalendar-30958522.html;https://confluence.lan.realtycalendar.ru/kb/gibkie-prava-dostupa-dlya-komandy-v-lichnyj-kabinet-realtycalendar-30958524.html;https://realtycalendar.ru/chessmate/,ACC-007,Подтверждено публичным источником; операции в аккаунте не выполнялись,SCR-MSG-02,Правила доставки,design/source/SCR-MSG-02.svg,design/exports/SCR-MSG-02.png,STATE-01;STATE-02;STATE-03;STATE-04;STATE-05;STATE-06,SCR-MOBILE-01;SCR-MOBILE-02;SCR-TABLET-01,TASK-MSG-002,TEST-MSG-002,P2,P2,TASK-RES-001;TASK-IAM-005;TASK-MSG-001,,,,not_started,not_run,present,,,
REQ-MSG-003,Email-подтверждение бронирования,documented,mandatory_parity,DOC-012,https://confluence.lan.realtycalendar.ru/kb/razdel-klienty-30957160.html,,Подтверждено публичным источником; операции в аккаунте не выполнялись,SCR-MSG-03,Подтверждение бронирования,design/source/SCR-MSG-03.svg,design/exports/SCR-MSG-03.png,STATE-01;STATE-02;STATE-03;STATE-04;STATE-05;STATE-06,SCR-MOBILE-01;SCR-MOBILE-02;SCR-TABLET-01,TASK-MSG-003,TEST-MSG-003,P1,P1,TASK-RES-001;TASK-IAM-005;TASK-MSG-001,,,,not_started,not_run,present,,,
REQ-MSG-004,Шаблоны сообщений и переменные,documented,mandatory_parity,DOC-022,https://new.realtycalendar.ru/products/avtomaticheskie-soobshcheniya,,Подтверждено публичным источником; операции в аккаунте не выполнялись,SCR-MSG-04,Автосообщения и шаблоны,design/source/SCR-MSG-04.svg,design/exports/SCR-MSG-04.png,STATE-01;STATE-02;STATE-03;STATE-04;STATE-05;STATE-06,SCR-MOBILE-01;SCR-MOBILE-02;SCR-TABLET-01,TASK-MSG-004,TEST-MSG-004,P2,P2,TASK-RES-001;TASK-IAM-005;TASK-MSG-001,,,,not_started,not_run,present,,,
REQ-MSG-005,Автосообщения по этапам проживания,documented,mandatory_parity,DOC-022;DOC-023,https://new.realtycalendar.ru/products/avtomaticheskie-soobshcheniya;https://confluence.lan.realtycalendar.ru/kb/avtosoobshcheniya-oshibki-i-ustranenie-61375230.html,,Подтверждено публичным источником; операции в аккаунте не выполнялись,SCR-MSG-04,Автосообщения и шаблоны,design/source/SCR-MSG-04.svg,design/exports/SCR-MSG-04.png,STATE-01;STATE-02;STATE-03;STATE-04;STATE-05;STATE-06,SCR-MOBILE-01;SCR-MOBILE-02;SCR-TABLET-01,TASK-MSG-005,TEST-MSG-005,P3,P3,TASK-MSG-004;TASK-INT-003,integrations/catalog.json,TASK-ADP-WHATSAPP;TASK-ADP-MAX;TASK-ADP-TELEGRAM;TASK-ADP-EMAIL;TASK-ADP-SMSGATE,INT-WHATSAPP;INT-MAX;INT-TELEGRAM;INT-EMAIL;INT-SMSGATE,not_started,not_run,present,,,
REQ-MSG-006,Общий чат и чат бронирования,documented,mandatory_parity,DOC-022,https://new.realtycalendar.ru/products/avtomaticheskie-soobshcheniya,,Подтверждено публичным источником; операции в аккаунте не выполнялись,SCR-MSG-05,Диалог с гостем,design/source/SCR-MSG-05.svg,design/exports/SCR-MSG-05.png,STATE-01;STATE-02;STATE-03;STATE-04;STATE-05;STATE-06,SCR-MOBILE-01;SCR-MOBILE-02;SCR-TABLET-01,TASK-MSG-006,TEST-MSG-006,P3,P3,TASK-MSG-001;TASK-INT-001,integrations/catalog.json,,,not_started,not_run,present,,,
REQ-MSG-007,"Журнал, повтор и резервный канал",documented,mandatory_parity,DOC-022;DOC-023,https://new.realtycalendar.ru/products/avtomaticheskie-soobshcheniya;https://confluence.lan.realtycalendar.ru/kb/avtosoobshcheniya-oshibki-i-ustranenie-61375230.html,,Подтверждено публичным источником; операции в аккаунте не выполнялись,SCR-MSG-06,Журнал доставки,design/source/SCR-MSG-06.svg,design/exports/SCR-MSG-06.png,STATE-01;STATE-02;STATE-03;STATE-04;STATE-05;STATE-06,SCR-MOBILE-01;SCR-MOBILE-02;SCR-TABLET-01,TASK-MSG-007,TEST-MSG-007,P3,P3,TASK-MSG-005,integrations/catalog.json,TASK-ADP-WHATSAPP;TASK-ADP-MAX;TASK-ADP-TELEGRAM;TASK-ADP-EMAIL;TASK-ADP-SMSGATE,INT-WHATSAPP;INT-MAX;INT-TELEGRAM;INT-EMAIL;INT-SMSGATE,not_started,not_run,present,VAR-MSG-FAIL,design/source/VAR-MSG-FAIL.svg,design/exports/VAR-MSG-FAIL.png
REQ-MSG-008,Сообщения с оплатой и приватным доступом,documented,mandatory_parity,DOC-022;DOC-024;DOC-029,https://new.realtycalendar.ru/products/avtomaticheskie-soobshcheniya;https://new.realtycalendar.ru/products/autopilot;https://confluence.lan.realtycalendar.ru/kb/integratsiya-s-ttlock-60162112.html,,Подтверждено публичным источником; операции в аккаунте не выполнялись,SCR-MSG-04,Автосообщения и шаблоны,design/source/SCR-MSG-04.svg,design/exports/SCR-MSG-04.png,STATE-01;STATE-02;STATE-03;STATE-04;STATE-05;STATE-06,SCR-MOBILE-01;SCR-MOBILE-02;SCR-TABLET-01,TASK-MSG-008,TEST-MSG-008,P3,P3,TASK-MSG-005;TASK-GST-005,integrations/catalog.json,,,not_started,not_run,present,,,
REQ-GST-009,Определение гостя при входящем звонке,documented,mandatory_parity,DOC-030,https://confluence.lan.realtycalendar.ru/kb/obzornoe-video-sistemy-realtycalendar-30954636.html,,Подтверждено публичным источником; операции в аккаунте не выполнялись,SCR-GST-02,Профиль гостя,design/source/SCR-GST-02.svg,design/exports/SCR-GST-02.png,STATE-01;STATE-02;STATE-03;STATE-04;STATE-05;STATE-06,SCR-MOBILE-01;SCR-MOBILE-02;SCR-TABLET-01,TASK-GST-009,TEST-GST-009,P3,P3,TASK-GST-001;TASK-INT-001,,,,not_started,not_run,present,VAR-GST-MERGE,design/source/VAR-GST-MERGE.svg,design/exports/VAR-GST-MERGE.png
REQ-IAM-001,Регистрация и подтверждение email,proposed,mandatory_platform,,,,proposed_not_implemented,SCR-IAM-01,Вход и регистрация,design/source/SCR-IAM-01.svg,design/exports/SCR-IAM-01.png,STATE-01;STATE-02;STATE-03;STATE-04;STATE-05;STATE-06,SCR-MOBILE-01;SCR-MOBILE-02;SCR-TABLET-01,TASK-IAM-001,TEST-IAM-001,P1,P1,TASK-OPS-005,,,,not_started,not_run,present,VAR-IAM-REGISTER;VAR-IAM-VERIFY,design/source/VAR-IAM-REGISTER.svg;design/source/VAR-IAM-VERIFY.svg,design/exports/VAR-IAM-REGISTER.png;design/exports/VAR-IAM-VERIFY.png
REQ-IAM-002,"Вход, сессии и выход",proposed,mandatory_platform,,,,proposed_not_implemented,SCR-IAM-01,Вход и регистрация,design/source/SCR-IAM-01.svg,design/exports/SCR-IAM-01.png,STATE-01;STATE-02;STATE-03;STATE-04;STATE-05;STATE-06,SCR-MOBILE-01;SCR-MOBILE-02;SCR-TABLET-01,TASK-IAM-002,TEST-IAM-002,P1,P1,TASK-OPS-005;TASK-IAM-001,,,,not_started,not_run,present,VAR-IAM-REGISTER;VAR-IAM-VERIFY,design/source/VAR-IAM-REGISTER.svg;design/source/VAR-IAM-VERIFY.svg,design/exports/VAR-IAM-REGISTER.png;design/exports/VAR-IAM-VERIFY.png
REQ-IAM-003,Восстановление доступа и MFA,proposed,mandatory_platform,,,,proposed_not_implemented,SCR-IAM-02,Восстановление и MFA,design/source/SCR-IAM-02.svg,design/exports/SCR-IAM-02.png,STATE-01;STATE-02;STATE-03;STATE-04;STATE-05;STATE-06,SCR-MOBILE-01;SCR-MOBILE-02;SCR-TABLET-01,TASK-IAM-003,TEST-IAM-003,P1,P1,TASK-OPS-005;TASK-IAM-002,,,,not_started,not_run,present,VAR-IAM-MFA,design/source/VAR-IAM-MFA.svg,design/exports/VAR-IAM-MFA.png
REQ-IAM-004,Приглашения и отзыв сотрудников,proposed,mandatory_platform,,,,proposed_not_implemented,SCR-IAM-03,Сотрудники и права,design/source/SCR-IAM-03.svg,design/exports/SCR-IAM-03.png,STATE-01;STATE-02;STATE-03;STATE-04;STATE-05;STATE-06,SCR-MOBILE-01;SCR-MOBILE-02;SCR-TABLET-01,TASK-IAM-004,TEST-IAM-004,P1,P1,TASK-ORG-001,,,,not_started,not_run,present,VAR-IAM-INVITE,design/source/VAR-IAM-INVITE.svg,design/exports/VAR-IAM-INVITE.png
REQ-IAM-005,"Роли, права на объекты и операции",proposed,mandatory_platform,,,,proposed_not_implemented,SCR-IAM-03,Сотрудники и права,design/source/SCR-IAM-03.svg,design/exports/SCR-IAM-03.png,STATE-01;STATE-02;STATE-03;STATE-04;STATE-05;STATE-06,SCR-MOBILE-01;SCR-MOBILE-02;SCR-TABLET-01,TASK-IAM-005,TEST-IAM-005,P1,P1,TASK-IAM-004,,,,not_started,not_run,present,VAR-IAM-INVITE,design/source/VAR-IAM-INVITE.svg,design/exports/VAR-IAM-INVITE.png
REQ-ORG-001,Создание организации и первый запуск,proposed,mandatory_platform,,,,proposed_not_implemented,SCR-ORG-01,Рабочие пространства,design/source/SCR-ORG-01.svg,design/exports/SCR-ORG-01.png,STATE-01;STATE-02;STATE-03;STATE-04;STATE-05;STATE-06,SCR-MOBILE-01;SCR-MOBILE-02;SCR-TABLET-01,TASK-ORG-001,TEST-ORG-001,P1,P1,TASK-IAM-001,,,,not_started,not_run,present,,,
REQ-ORG-002,Переключение организаций и изоляция,proposed,mandatory_platform,,,,proposed_not_implemented,SCR-ORG-01,Рабочие пространства,design/source/SCR-ORG-01.svg,design/exports/SCR-ORG-01.png,STATE-01;STATE-02;STATE-03;STATE-04;STATE-05;STATE-06,SCR-MOBILE-01;SCR-MOBILE-02;SCR-TABLET-01,TASK-ORG-002,TEST-ORG-002,P1,P1,TASK-ORG-001,,,,not_started,not_run,present,,,
REQ-ORG-003,"Настройки, архив и удаление организации",proposed,mandatory_platform,,,,proposed_not_implemented,SCR-ORG-02,Настройки организации,design/source/SCR-ORG-02.svg,design/exports/SCR-ORG-02.png,STATE-01;STATE-02;STATE-03;STATE-04;STATE-05;STATE-06,SCR-MOBILE-01;SCR-MOBILE-02;SCR-TABLET-01,TASK-ORG-003,TEST-ORG-003,P4,P4,TASK-IAM-001;TASK-ORG-002;TASK-MIG-004,,,,not_started,not_run,present,,,
REQ-BILL-001,"Тарифы, trial и лимиты SaaS",proposed,mandatory_platform,,,,proposed_not_implemented,SCR-BILL-01,Подписка и лимиты,design/source/SCR-BILL-01.svg,design/exports/SCR-BILL-01.png,STATE-01;STATE-02;STATE-03;STATE-04;STATE-05;STATE-06,SCR-MOBILE-01;SCR-MOBILE-02;SCR-TABLET-01,TASK-BILL-001,TEST-BILL-001,P2,P2,TASK-ORG-001,,,,not_started,not_run,present,VAR-BILL-LIMIT,design/source/VAR-BILL-LIMIT.svg,design/exports/VAR-BILL-LIMIT.png
REQ-BILL-002,Оплата и продление подписки,proposed,mandatory_platform,,,,proposed_not_implemented,SCR-BILL-02,Оплата подписки,design/source/SCR-BILL-02.svg,design/exports/SCR-BILL-02.png,STATE-01;STATE-02;STATE-03;STATE-04;STATE-05;STATE-06,SCR-MOBILE-01;SCR-MOBILE-02;SCR-TABLET-01,TASK-BILL-002,TEST-BILL-002,P3,P3,TASK-ORG-001;TASK-BILL-001;TASK-INT-004,,,,not_started,not_run,present,,,
REQ-BILL-002,Оплата и продление подписки,proposed,mandatory_platform,,,,proposed_not_implemented,SCR-BILL-03,Счета подписки,design/source/SCR-BILL-03.svg,design/exports/SCR-BILL-03.png,STATE-01;STATE-02;STATE-03;STATE-04;STATE-05;STATE-06,SCR-MOBILE-01;SCR-MOBILE-02;SCR-TABLET-01,TASK-BILL-002,TEST-BILL-002,P3,P3,TASK-ORG-001;TASK-BILL-001;TASK-INT-004,,,,not_started,not_run,present,,,
REQ-BILL-003,"Просрочка, read-only и восстановление",proposed,mandatory_platform,,,,proposed_not_implemented,SCR-BILL-04,Подписка закончилась,design/source/SCR-BILL-04.svg,design/exports/SCR-BILL-04.png,STATE-01;STATE-02;STATE-03;STATE-04;STATE-05;STATE-06,SCR-MOBILE-01;SCR-MOBILE-02;SCR-TABLET-01,TASK-BILL-003,TEST-BILL-003,P3,P3,TASK-ORG-001;TASK-BILL-002,,,,not_started,not_run,present,,,
REQ-MIG-001,Импорт и сопоставление данных,proposed,mandatory_platform,,,,proposed_not_implemented,SCR-MIG-01,Импорт и экспорт,design/source/SCR-MIG-01.svg,design/exports/SCR-MIG-01.png,STATE-01;STATE-02;STATE-03;STATE-04;STATE-05;STATE-06,SCR-MOBILE-01;SCR-MOBILE-02;SCR-TABLET-01,TASK-MIG-001,TEST-MIG-001,P2,P2,TASK-ORG-002;TASK-IAM-005,,,,not_started,not_run,present,,,
REQ-MIG-002,Dry-run и сверка миграции,proposed,mandatory_platform,,,,proposed_not_implemented,SCR-MIG-02,Проверка переноса,design/source/SCR-MIG-02.svg,design/exports/SCR-MIG-02.png,STATE-01;STATE-02;STATE-03;STATE-04;STATE-05;STATE-06,SCR-MOBILE-01;SCR-MOBILE-02;SCR-TABLET-01,TASK-MIG-002,TEST-MIG-002,P2,P2,TASK-ORG-002;TASK-IAM-005;TASK-MIG-001,,,,not_started,not_run,present,VAR-MIG-UNKNOWN,design/source/VAR-MIG-UNKNOWN.svg,design/exports/VAR-MIG-UNKNOWN.png
REQ-MIG-003,Переключение первого клиента и откат,proposed,mandatory_platform,,,,proposed_not_implemented,SCR-MIG-03,Пилот и переключение,design/source/SCR-MIG-03.svg,design/exports/SCR-MIG-03.png,STATE-01;STATE-02;STATE-03;STATE-04;STATE-05;STATE-06,SCR-MOBILE-01;SCR-MOBILE-02;SCR-TABLET-01,TASK-MIG-003,TEST-MIG-003,P4,P4,TASK-ORG-002;TASK-IAM-005;TASK-MIG-002;TASK-INT-003;TASK-OPS-001,,,,not_started,not_run,present,,,
REQ-MIG-004,Экспорт и права на скачивание,proposed,mandatory_platform,,,,proposed_not_implemented,SCR-MIG-01,Импорт и экспорт,design/source/SCR-MIG-01.svg,design/exports/SCR-MIG-01.png,STATE-01;STATE-02;STATE-03;STATE-04;STATE-05;STATE-06,SCR-MOBILE-01;SCR-MOBILE-02;SCR-TABLET-01,TASK-MIG-004,TEST-MIG-004,P2,P2,TASK-ORG-002;TASK-IAM-005,,,,not_started,not_run,present,,,
REQ-OPS-001,Резервное копирование и восстановление,proposed,mandatory_platform,,,,proposed_not_implemented,SCR-OPS-01,Состояние сервиса,design/source/SCR-OPS-01.svg,design/exports/SCR-OPS-01.png,STATE-01;STATE-02;STATE-03;STATE-04;STATE-05;STATE-06,SCR-MOBILE-01;SCR-MOBILE-02;SCR-TABLET-01,TASK-OPS-001,TEST-OPS-001,P4,P4,TASK-ORG-002,,,,not_started,not_run,present,,,
REQ-OPS-002,Мониторинг и очередь ошибок,proposed,mandatory_platform,,,,proposed_not_implemented,SCR-OPS-01,Состояние сервиса,design/source/SCR-OPS-01.svg,design/exports/SCR-OPS-01.png,STATE-01;STATE-02;STATE-03;STATE-04;STATE-05;STATE-06,SCR-MOBILE-01;SCR-MOBILE-02;SCR-TABLET-01,TASK-OPS-002,TEST-OPS-002,P1,P1,TASK-ORG-002,,,,not_started,not_run,present,,,
REQ-OPS-003,Аудит и доступ поддержки,proposed,mandatory_platform,,,,proposed_not_implemented,SCR-OPS-07,Аудит и доступ поддержки,design/source/SCR-OPS-07.svg,design/exports/SCR-OPS-07.png,STATE-01;STATE-02;STATE-03;STATE-04;STATE-05;STATE-06,SCR-MOBILE-01;SCR-MOBILE-02;SCR-TABLET-01,TASK-OPS-003,TEST-OPS-003,P2,P2,TASK-ORG-002;TASK-IAM-005,,,,not_started,not_run,present,,,
REQ-OPS-004,"Персональные данные, хранение и инциденты",proposed,mandatory_platform,,,,proposed_not_implemented,SCR-OPS-04,Данные и инциденты,design/source/SCR-OPS-04.svg,design/exports/SCR-OPS-04.png,STATE-01;STATE-02;STATE-03;STATE-04;STATE-05;STATE-06,SCR-MOBILE-01;SCR-MOBILE-02;SCR-TABLET-01,TASK-OPS-004,TEST-OPS-004,P1,P2,TASK-ORG-002;TASK-OPS-003;TASK-MIG-004,,,,not_started,not_run,present,,,
REQ-OPS-005,"Окружения, выпуск и безопасные миграции схемы",proposed,mandatory_platform,,,,proposed_not_implemented,SCR-OPS-01,Состояние сервиса,design/source/SCR-OPS-01.svg,design/exports/SCR-OPS-01.png,STATE-01;STATE-02;STATE-03;STATE-04;STATE-05;STATE-06,SCR-MOBILE-01;SCR-MOBILE-02;SCR-TABLET-01,TASK-OPS-005,TEST-OPS-005,P1,P1,,,,,not_started,not_run,present,,,
REQ-OPS-006,Производительность и доступность,proposed,mandatory_platform,,,,proposed_not_implemented,SCR-OPS-01,Состояние сервиса,design/source/SCR-OPS-01.svg,design/exports/SCR-OPS-01.png,STATE-01;STATE-02;STATE-03;STATE-04;STATE-05;STATE-06,SCR-MOBILE-01;SCR-MOBILE-02;SCR-TABLET-01,TASK-OPS-006,TEST-OPS-006,P4,P4,TASK-ORG-002;TASK-OPS-002,,,,not_started,not_run,present,,,
REQ-INT-001,Каталог подключений и доступ к провайдерам,proposed,mandatory_platform,,,,proposed_not_implemented,SCR-INT-01,Подключения,design/source/SCR-INT-01.svg,design/exports/SCR-INT-01.png,STATE-01;STATE-02;STATE-03;STATE-04;STATE-05;STATE-06,SCR-MOBILE-01;SCR-MOBILE-02;SCR-TABLET-01,TASK-INT-001,TEST-INT-001,P3,P3,TASK-IAM-005;TASK-OPS-005,integrations/catalog.json;integrations/contract.md,TASK-ADP-101HOTELS;TASK-ADP-APARTSHARING;TASK-ADP-AVITO;TASK-ADP-BOOKING;TASK-ADP-BRONEVIK;TASK-ADP-CIAN;TASK-ADP-EDEMVGOSTI;TASK-ADP-OSTROVOK;TASK-ADP-EMERGINGTRAVEL;TASK-ADP-EXPEDIA;TASK-ADP-FORENTO;TASK-ADP-HOTELBOOK;TASK-ADP-KUFAR;TASK-ADP-KVARTIRKA;TASK-ADP-ONETWOTRIP;TASK-ADP-OTELLO;TASK-ADP-OZONTRAVEL;TASK-ADP-ROOMOOK;TASK-ADP-SUTOCHNO;TASK-ADP-TUTU;TASK-ADP-ROOMLINK;TASK-ADP-VEZDEKAKDOMA;TASK-ADP-GDEKVARTIRA;TASK-ADP-DOMKLIK24;TASK-ADP-ZHILIBYLI;TASK-ADP-PRIVETTUR;TASK-ADP-CBOOKING;TASK-ADP-TVIL;TASK-ADP-YANDEXTRAVEL;TASK-ADP-TRIPVENUE;TASK-ADP-KURORTIX;TASK-ADP-ALEAN;TASK-ADP-LIGAKVARTIR;TASK-ADP-AIRBNB;TASK-ADP-REALT;TASK-ADP-GOOGLECALENDAR;TASK-ADP-MONETA-PERSONAL;TASK-ADP-MONETA-BUSINESS;TASK-ADP-AMOCRM;TASK-ADP-BITRIX24;TASK-ADP-OKIDOKI;TASK-ADP-TTLOCK;TASK-ADP-ROOMSHARING;TASK-ADP-WEBHOOKS;TASK-ADP-WHATSAPP;TASK-ADP-MAX;TASK-ADP-TELEGRAM;TASK-ADP-EMAIL;TASK-ADP-SMSGATE;TASK-ADP-REDATA;TASK-ADP-YOOKASSA;TASK-ADP-KVARTIRKA-ICAL;TASK-ADP-QQRENTA;TASK-ADP-ICAL;TASK-ADP-GAMI;TASK-ADP-RENTYSOFT;TASK-ADP-FLATSHARING;TASK-ADP-KUKURENTA;TASK-ADP-NOCHLEG24;TASK-ADP-LOKAL;TASK-ADP-KOMTET;TASK-ADP-BUSINESSRU;TASK-ADP-CLOUDKASSIR;TASK-ADP-LIFEPAY;TASK-ADP-ATOL;TASK-ADP-EVOTOR;TASK-ADP-FERMA;TASK-ADP-FIRSTOFD;TASK-ADP-KITONLINE;TASK-ADP-ORANGEDATA;TASK-ADP-SBIS;TASK-ADP-DIGITALKASSA;TASK-ADP-MODULKASSA;TASK-ADP-PLATFORMAOFD;TASK-ADP-TAXCOMOFD,INT-101HOTELS;INT-APARTSHARING;INT-AVITO;INT-BOOKING;INT-BRONEVIK;INT-CIAN;INT-EDEMVGOSTI;INT-OSTROVOK;INT-EMERGINGTRAVEL;INT-EXPEDIA;INT-FORENTO;INT-HOTELBOOK;INT-KUFAR;INT-KVARTIRKA;INT-ONETWOTRIP;INT-OTELLO;INT-OZONTRAVEL;INT-ROOMOOK;INT-SUTOCHNO;INT-TUTU;INT-ROOMLINK;INT-VEZDEKAKDOMA;INT-GDEKVARTIRA;INT-DOMKLIK24;INT-ZHILIBYLI;INT-PRIVETTUR;INT-CBOOKING;INT-TVIL;INT-YANDEXTRAVEL;INT-TRIPVENUE;INT-KURORTIX;INT-ALEAN;INT-LIGAKVARTIR;INT-AIRBNB;INT-REALT;INT-GOOGLECALENDAR;INT-MONETA-PERSONAL;INT-MONETA-BUSINESS;INT-AMOCRM;INT-BITRIX24;INT-OKIDOKI;INT-TTLOCK;INT-ROOMSHARING;INT-WEBHOOKS;INT-WHATSAPP;INT-MAX;INT-TELEGRAM;INT-EMAIL;INT-SMSGATE;INT-REDATA;INT-YOOKASSA;INT-KVARTIRKA-ICAL;INT-QQRENTA;INT-ICAL;INT-GAMI;INT-RENTYSOFT;INT-FLATSHARING;INT-KUKURENTA;INT-NOCHLEG24;INT-LOKAL;INT-KOMTET;INT-BUSINESSRU;INT-CLOUDKASSIR;INT-LIFEPAY;INT-ATOL;INT-EVOTOR;INT-FERMA;INT-FIRSTOFD;INT-KITONLINE;INT-ORANGEDATA;INT-SBIS;INT-DIGITALKASSA;INT-MODULKASSA;INT-PLATFORMAOFD;INT-TAXCOMOFD,not_started,not_run,present,VAR-INT-STALE,design/source/VAR-INT-STALE.svg,design/exports/VAR-INT-STALE.png
REQ-INT-002,"Сопоставление объектов, тарифов и источников истины",proposed,mandatory_platform,,,,proposed_not_implemented,SCR-INT-02,Сопоставление объектов и тарифов,design/source/SCR-INT-02.svg,design/exports/SCR-INT-02.png,STATE-01;STATE-02;STATE-03;STATE-04;STATE-05;STATE-06,SCR-MOBILE-01;SCR-MOBILE-02;SCR-TABLET-01,TASK-INT-002,TEST-INT-002,P3,P3,TASK-IAM-005;TASK-OPS-005;TASK-INT-001,integrations/catalog.json;integrations/contract.md,TASK-ADP-101HOTELS;TASK-ADP-APARTSHARING;TASK-ADP-AVITO;TASK-ADP-BOOKING;TASK-ADP-BRONEVIK;TASK-ADP-CIAN;TASK-ADP-EDEMVGOSTI;TASK-ADP-OSTROVOK;TASK-ADP-EMERGINGTRAVEL;TASK-ADP-EXPEDIA;TASK-ADP-FORENTO;TASK-ADP-HOTELBOOK;TASK-ADP-KUFAR;TASK-ADP-KVARTIRKA;TASK-ADP-ONETWOTRIP;TASK-ADP-OTELLO;TASK-ADP-OZONTRAVEL;TASK-ADP-ROOMOOK;TASK-ADP-SUTOCHNO;TASK-ADP-TUTU;TASK-ADP-ROOMLINK;TASK-ADP-VEZDEKAKDOMA;TASK-ADP-GDEKVARTIRA;TASK-ADP-DOMKLIK24;TASK-ADP-ZHILIBYLI;TASK-ADP-PRIVETTUR;TASK-ADP-CBOOKING;TASK-ADP-TVIL;TASK-ADP-YANDEXTRAVEL;TASK-ADP-TRIPVENUE;TASK-ADP-KURORTIX;TASK-ADP-ALEAN;TASK-ADP-LIGAKVARTIR;TASK-ADP-AIRBNB;TASK-ADP-REALT;TASK-ADP-GOOGLECALENDAR;TASK-ADP-MONETA-PERSONAL;TASK-ADP-MONETA-BUSINESS;TASK-ADP-AMOCRM;TASK-ADP-BITRIX24;TASK-ADP-OKIDOKI;TASK-ADP-TTLOCK;TASK-ADP-ROOMSHARING;TASK-ADP-WEBHOOKS;TASK-ADP-WHATSAPP;TASK-ADP-MAX;TASK-ADP-TELEGRAM;TASK-ADP-EMAIL;TASK-ADP-SMSGATE;TASK-ADP-REDATA;TASK-ADP-YOOKASSA;TASK-ADP-KVARTIRKA-ICAL;TASK-ADP-QQRENTA;TASK-ADP-ICAL;TASK-ADP-GAMI;TASK-ADP-RENTYSOFT;TASK-ADP-FLATSHARING;TASK-ADP-KUKURENTA;TASK-ADP-NOCHLEG24;TASK-ADP-LOKAL;TASK-ADP-KOMTET;TASK-ADP-BUSINESSRU;TASK-ADP-CLOUDKASSIR;TASK-ADP-LIFEPAY;TASK-ADP-ATOL;TASK-ADP-EVOTOR;TASK-ADP-FERMA;TASK-ADP-FIRSTOFD;TASK-ADP-KITONLINE;TASK-ADP-ORANGEDATA;TASK-ADP-SBIS;TASK-ADP-DIGITALKASSA;TASK-ADP-MODULKASSA;TASK-ADP-PLATFORMAOFD;TASK-ADP-TAXCOMOFD,INT-101HOTELS;INT-APARTSHARING;INT-AVITO;INT-BOOKING;INT-BRONEVIK;INT-CIAN;INT-EDEMVGOSTI;INT-OSTROVOK;INT-EMERGINGTRAVEL;INT-EXPEDIA;INT-FORENTO;INT-HOTELBOOK;INT-KUFAR;INT-KVARTIRKA;INT-ONETWOTRIP;INT-OTELLO;INT-OZONTRAVEL;INT-ROOMOOK;INT-SUTOCHNO;INT-TUTU;INT-ROOMLINK;INT-VEZDEKAKDOMA;INT-GDEKVARTIRA;INT-DOMKLIK24;INT-ZHILIBYLI;INT-PRIVETTUR;INT-CBOOKING;INT-TVIL;INT-YANDEXTRAVEL;INT-TRIPVENUE;INT-KURORTIX;INT-ALEAN;INT-LIGAKVARTIR;INT-AIRBNB;INT-REALT;INT-GOOGLECALENDAR;INT-MONETA-PERSONAL;INT-MONETA-BUSINESS;INT-AMOCRM;INT-BITRIX24;INT-OKIDOKI;INT-TTLOCK;INT-ROOMSHARING;INT-WEBHOOKS;INT-WHATSAPP;INT-MAX;INT-TELEGRAM;INT-EMAIL;INT-SMSGATE;INT-REDATA;INT-YOOKASSA;INT-KVARTIRKA-ICAL;INT-QQRENTA;INT-ICAL;INT-GAMI;INT-RENTYSOFT;INT-FLATSHARING;INT-KUKURENTA;INT-NOCHLEG24;INT-LOKAL;INT-KOMTET;INT-BUSINESSRU;INT-CLOUDKASSIR;INT-LIFEPAY;INT-ATOL;INT-EVOTOR;INT-FERMA;INT-FIRSTOFD;INT-KITONLINE;INT-ORANGEDATA;INT-SBIS;INT-DIGITALKASSA;INT-MODULKASSA;INT-PLATFORMAOFD;INT-TAXCOMOFD,not_started,not_run,present,,,
REQ-INT-003,Надёжный обмен и конфликты каналов,proposed,mandatory_platform,,,,proposed_not_implemented,SCR-INT-04,Ошибки обмена и конфликты,design/source/SCR-INT-04.svg,design/exports/SCR-INT-04.png,STATE-01;STATE-02;STATE-03;STATE-04;STATE-05;STATE-06,SCR-MOBILE-01;SCR-MOBILE-02;SCR-TABLET-01,TASK-INT-003,TEST-INT-003,P3,P3,TASK-IAM-005;TASK-OPS-005;TASK-INT-002;TASK-OPS-002,integrations/catalog.json;integrations/contract.md,TASK-ADP-101HOTELS;TASK-ADP-APARTSHARING;TASK-ADP-AVITO;TASK-ADP-BOOKING;TASK-ADP-BRONEVIK;TASK-ADP-CIAN;TASK-ADP-EDEMVGOSTI;TASK-ADP-OSTROVOK;TASK-ADP-EMERGINGTRAVEL;TASK-ADP-EXPEDIA;TASK-ADP-FORENTO;TASK-ADP-HOTELBOOK;TASK-ADP-KUFAR;TASK-ADP-KVARTIRKA;TASK-ADP-ONETWOTRIP;TASK-ADP-OTELLO;TASK-ADP-OZONTRAVEL;TASK-ADP-ROOMOOK;TASK-ADP-SUTOCHNO;TASK-ADP-TUTU;TASK-ADP-ROOMLINK;TASK-ADP-VEZDEKAKDOMA;TASK-ADP-GDEKVARTIRA;TASK-ADP-DOMKLIK24;TASK-ADP-ZHILIBYLI;TASK-ADP-PRIVETTUR;TASK-ADP-CBOOKING;TASK-ADP-TVIL;TASK-ADP-YANDEXTRAVEL;TASK-ADP-TRIPVENUE;TASK-ADP-KURORTIX;TASK-ADP-ALEAN;TASK-ADP-LIGAKVARTIR;TASK-ADP-AIRBNB;TASK-ADP-REALT;TASK-ADP-GOOGLECALENDAR;TASK-ADP-MONETA-PERSONAL;TASK-ADP-MONETA-BUSINESS;TASK-ADP-AMOCRM;TASK-ADP-BITRIX24;TASK-ADP-OKIDOKI;TASK-ADP-TTLOCK;TASK-ADP-ROOMSHARING;TASK-ADP-WEBHOOKS;TASK-ADP-WHATSAPP;TASK-ADP-MAX;TASK-ADP-TELEGRAM;TASK-ADP-EMAIL;TASK-ADP-SMSGATE;TASK-ADP-REDATA;TASK-ADP-YOOKASSA;TASK-ADP-KVARTIRKA-ICAL;TASK-ADP-QQRENTA;TASK-ADP-ICAL;TASK-ADP-GAMI;TASK-ADP-RENTYSOFT;TASK-ADP-FLATSHARING;TASK-ADP-KUKURENTA;TASK-ADP-NOCHLEG24;TASK-ADP-LOKAL;TASK-ADP-KOMTET;TASK-ADP-BUSINESSRU;TASK-ADP-CLOUDKASSIR;TASK-ADP-LIFEPAY;TASK-ADP-ATOL;TASK-ADP-EVOTOR;TASK-ADP-FERMA;TASK-ADP-FIRSTOFD;TASK-ADP-KITONLINE;TASK-ADP-ORANGEDATA;TASK-ADP-SBIS;TASK-ADP-DIGITALKASSA;TASK-ADP-MODULKASSA;TASK-ADP-PLATFORMAOFD;TASK-ADP-TAXCOMOFD,INT-101HOTELS;INT-APARTSHARING;INT-AVITO;INT-BOOKING;INT-BRONEVIK;INT-CIAN;INT-EDEMVGOSTI;INT-OSTROVOK;INT-EMERGINGTRAVEL;INT-EXPEDIA;INT-FORENTO;INT-HOTELBOOK;INT-KUFAR;INT-KVARTIRKA;INT-ONETWOTRIP;INT-OTELLO;INT-OZONTRAVEL;INT-ROOMOOK;INT-SUTOCHNO;INT-TUTU;INT-ROOMLINK;INT-VEZDEKAKDOMA;INT-GDEKVARTIRA;INT-DOMKLIK24;INT-ZHILIBYLI;INT-PRIVETTUR;INT-CBOOKING;INT-TVIL;INT-YANDEXTRAVEL;INT-TRIPVENUE;INT-KURORTIX;INT-ALEAN;INT-LIGAKVARTIR;INT-AIRBNB;INT-REALT;INT-GOOGLECALENDAR;INT-MONETA-PERSONAL;INT-MONETA-BUSINESS;INT-AMOCRM;INT-BITRIX24;INT-OKIDOKI;INT-TTLOCK;INT-ROOMSHARING;INT-WEBHOOKS;INT-WHATSAPP;INT-MAX;INT-TELEGRAM;INT-EMAIL;INT-SMSGATE;INT-REDATA;INT-YOOKASSA;INT-KVARTIRKA-ICAL;INT-QQRENTA;INT-ICAL;INT-GAMI;INT-RENTYSOFT;INT-FLATSHARING;INT-KUKURENTA;INT-NOCHLEG24;INT-LOKAL;INT-KOMTET;INT-BUSINESSRU;INT-CLOUDKASSIR;INT-LIFEPAY;INT-ATOL;INT-EVOTOR;INT-FERMA;INT-FIRSTOFD;INT-KITONLINE;INT-ORANGEDATA;INT-SBIS;INT-DIGITALKASSA;INT-MODULKASSA;INT-PLATFORMAOFD;INT-TAXCOMOFD,not_started,not_run,present,,,
REQ-INT-004,Платёжные адаптеры и сверка статусов,proposed,mandatory_platform,,,,proposed_not_implemented,SCR-INT-03,Платёжные системы,design/source/SCR-INT-03.svg,design/exports/SCR-INT-03.png,STATE-01;STATE-02;STATE-03;STATE-04;STATE-05;STATE-06,SCR-MOBILE-01;SCR-MOBILE-02;SCR-TABLET-01,TASK-INT-004,TEST-INT-004,P3,P3,TASK-IAM-005;TASK-OPS-005;TASK-INT-001,integrations/catalog.json;integrations/contract.md,TASK-ADP-MONETA-PERSONAL;TASK-ADP-MONETA-BUSINESS;TASK-ADP-YOOKASSA;TASK-ADP-KOMTET;TASK-ADP-BUSINESSRU;TASK-ADP-CLOUDKASSIR;TASK-ADP-LIFEPAY;TASK-ADP-ATOL;TASK-ADP-EVOTOR;TASK-ADP-FERMA;TASK-ADP-FIRSTOFD;TASK-ADP-KITONLINE;TASK-ADP-ORANGEDATA;TASK-ADP-SBIS;TASK-ADP-DIGITALKASSA;TASK-ADP-MODULKASSA;TASK-ADP-PLATFORMAOFD;TASK-ADP-TAXCOMOFD,INT-MONETA-PERSONAL;INT-MONETA-BUSINESS;INT-YOOKASSA;INT-KOMTET;INT-BUSINESSRU;INT-CLOUDKASSIR;INT-LIFEPAY;INT-ATOL;INT-EVOTOR;INT-FERMA;INT-FIRSTOFD;INT-KITONLINE;INT-ORANGEDATA;INT-SBIS;INT-DIGITALKASSA;INT-MODULKASSA;INT-PLATFORMAOFD;INT-TAXCOMOFD,not_started,not_run,present,,,
REQ-OPS-010,Расписание уборок и готовность объекта,documented,mandatory_parity,DOC-024,https://new.realtycalendar.ru/products/autopilot,,public_page_read_account_workflow_not_tested,SCR-OPS-02,Задачи на сегодня,design/source/SCR-OPS-02.svg,design/exports/SCR-OPS-02.png,STATE-01;STATE-02;STATE-03;STATE-04;STATE-05;STATE-06,SCR-MOBILE-01;SCR-MOBILE-02;SCR-TABLET-01,TASK-OPS-010,TEST-OPS-010,P2,P2,TASK-ORG-002;TASK-IAM-005,,,,not_started,not_run,present,,,
REQ-OPS-011,"Поломки, закупки и дополнительные задания",documented,mandatory_parity,DOC-024,https://new.realtycalendar.ru/products/autopilot,,public_page_read_account_workflow_not_tested,SCR-OPS-03,Карточка задачи,design/source/SCR-OPS-03.svg,design/exports/SCR-OPS-03.png,STATE-01;STATE-02;STATE-03;STATE-04;STATE-05;STATE-06,SCR-MOBILE-01;SCR-MOBILE-02;SCR-TABLET-01,TASK-OPS-011,TEST-OPS-011,P2,P2,TASK-ORG-002;TASK-OPS-010,,,,not_started,not_run,present,VAR-OPS-REJECT,design/source/VAR-OPS-REJECT.svg,design/exports/VAR-OPS-REJECT.png
REQ-OPS-012,Начисления и оценки уборок,documented,mandatory_parity,DOC-024,https://new.realtycalendar.ru/products/autopilot,,public_page_read_account_workflow_not_tested,SCR-OPS-05,Начисления сотрудникам,design/source/SCR-OPS-05.svg,design/exports/SCR-OPS-05.png,STATE-01;STATE-02;STATE-03;STATE-04;STATE-05;STATE-06,SCR-MOBILE-01;SCR-MOBILE-02;SCR-TABLET-01,TASK-OPS-012,TEST-OPS-012,P2,P2,TASK-OPS-010;TASK-FIN-001,,,,not_started,not_run,present,,,
REQ-OPS-013,Показания счётчиков,documented,mandatory_parity,DOC-024,https://new.realtycalendar.ru/products/autopilot,,public_page_read_account_workflow_not_tested,SCR-OPS-06,Показания счётчиков,design/source/SCR-OPS-06.svg,design/exports/SCR-OPS-06.png,STATE-01;STATE-02;STATE-03;STATE-04;STATE-05;STATE-06,SCR-MOBILE-01;SCR-MOBILE-02;SCR-TABLET-01,TASK-OPS-013,TEST-OPS-013,P2,P2,TASK-ORG-002;TASK-OPS-011,,,,not_started,not_run,present,,,
REQ-OPS-014,Защищённые коды доступа и инструкции персонала,documented,mandatory_parity,DOC-024,https://new.realtycalendar.ru/products/autopilot,,public_page_read_account_workflow_not_tested,SCR-OPS-03,Карточка задачи,design/source/SCR-OPS-03.svg,design/exports/SCR-OPS-03.png,STATE-01;STATE-02;STATE-03;STATE-04;STATE-05;STATE-06,SCR-MOBILE-01;SCR-MOBILE-02;SCR-TABLET-01,TASK-OPS-014,TEST-OPS-014,P2,P2,TASK-OPS-010;TASK-GST-005,,,,not_started,not_run,present,VAR-OPS-REJECT,design/source/VAR-OPS-REJECT.svg,design/exports/VAR-OPS-REJECT.png
REQ-OPS-015,Панель операционных задач менеджера,documented,mandatory_parity,DOC-024,https://new.realtycalendar.ru/products/autopilot,,public_page_read_account_workflow_not_tested,SCR-OPS-02,Задачи на сегодня,design/source/SCR-OPS-02.svg,design/exports/SCR-OPS-02.png,STATE-01;STATE-02;STATE-03;STATE-04;STATE-05;STATE-06,SCR-MOBILE-01;SCR-MOBILE-02;SCR-TABLET-01,TASK-OPS-015,TEST-OPS-015,P2,P2,TASK-OPS-010;TASK-FIN-001;TASK-OPS-011,,,,not_started,not_run,present,,,
